Student_ID,Gender,Study_Hours_per_Week,Attendance_Rate,Past_Exam_Scores,Internet_Access_at_Home,Extracurricular_Activities,Final_Exam_Score,Pass_Fail,Parental_Education_Level_Bachelors,Parental_Education_Level_High School,Parental_Education_Level_Masters,Parental_Education_Level_PhD,Pass_Fail_Encoded,Gender_Encoded,Internet_Access_Encoded,Extracurricular_Encoded
S147,Male,26.125356125356124,68.26784098370288,86.0,Yes,Yes,63.0,Pass,False,True,False,False,1,1,1,1
S136,Male,26.125356125356124,78.22292712613206,73.0,No,No,50.0,Fail,False,False,False,True,0,1,0,0
S209,Female,26.125356125356124,87.52509623826568,74.0,Yes,No,55.0,Fail,False,False,False,True,0,0,1,0
S458,Female,26.125356125356124,92.07648301550216,99.0,No,No,65.0,Pass,True,False,False,False,1,0,0,0
S078,Female,26.125356125356124,98.65551746350522,63.0,No,Yes,70.0,Pass,False,False,True,False,1,0,0,1
S417,Male,26.125356125356124,84.15919282227406,77.0,Yes,No,61.0,Pass,False,False,True,False,1,1,1,0
S302,Male,24.0,89.38949443572463,95.0,Yes,Yes,61.0,Pass,False,True,False,False,1,1,1,1
S009,Male,31.0,50.68359824134986,78.0,No,No,50.0,Fail,False,False,True,False,0,1,0,0
S044,Female,34.0,80.8631856048646,94.0,No,Yes,65.0,Pass,False,False,False,True,1,0,0,1
S331,Male,27.0,65.49684631343055,86.0,Yes,No,55.0,Fail,False,True,False,False,0,1,1,0
S451,Female,35.0,79.37268021170371,58.0,Yes,Yes,57.0,Fail,False,True,False,False,0,0,1,1
S059,Male,11.0,79.37268021170371,95.0,Yes,No,62.0,Pass,False,False,True,False,1,1,1,0
S315,Male,25.0,79.37268021170371,81.0,No,No,59.0,Fail,False,True,False,False,0,1,0,0
S295,Female,18.0,79.37268021170371,64.0,No,No,50.0,Fail,False,True,False,False,0,0,0,0
S141,Female,12.0,79.37268021170371,62.0,Yes,No,50.0,Fail,False,False,True,False,0,0,1,0
S274,Female,34.0,79.37268021170371,71.0,Yes,Yes,50.0,Fail,False,True,False,False,0,0,1,1
S327,Male,32.0,93.0316008945367,78.0,Yes,Yes,77.0,Pass,True,False,False,False,1,1,1,1
S413,Female,24.0,71.08519672766408,81.0,Yes,Yes,56.0,Fail,False,False,True,False,0,0,1,1
S452,Female,37.0,97.70434682698166,55.0,Yes,Yes,58.0,Fail,False,True,False,False,0,0,1,1
S386,Female,39.0,85.19730675692547,62.0,Yes,No,57.0,Fail,False,False,False,True,0,0,1,0
S458,Female,27.0,92.07648301550216,62.0,No,No,65.0,Pass,True,False,False,False,1,0,0,0
S079,Male,14.0,80.09676977704801,62.0,No,Yes,55.0,Fail,False,True,False,False,0,1,0,1
S375,Male,36.0,97.22048627886367,62.0,Yes,Yes,65.0,Pass,False,False,True,False,1,1,1,1
S384,Male,27.0,93.82220379376469,62.0,Yes,No,57.0,Fail,False,True,False,False,0,1,1,0
S207,Female,20.0,89.07572408757075,62.0,Yes,Yes,62.0,Pass,True,False,False,False,1,0,1,1
S071,Female,26.0,70.01502444551407,62.0,No,No,50.0,Fail,True,False,False,False,0,0,0,0
S489,Male,27.0,99.0288400089994,85.0,Yes,Yes,64.0,Pass,False,True,False,False,1,1,1,1
S066,Female,38.0,78.98249672358692,96.0,No,No,71.0,Pass,False,False,True,False,1,0,0,0
S018,Female,32.0,68.89252746378932,66.0,Yes,Yes,58.0,Fail,False,False,False,True,0,0,1,1
S015,Female,27.0,79.25747661627359,67.0,Yes,Yes,50.0,Fail,False,False,True,False,0,0,1,1
S155,Male,39.0,50.91212407141805,52.0,No,Yes,58.75498575498575,Fail,True,False,False,False,0,1,0,1
S159,Male,14.0,78.799920890283,91.0,No,Yes,58.75498575498575,Pass,False,False,False,True,1,1,0,1
S368,Female,15.0,77.8360792391683,95.0,No,Yes,58.75498575498575,Pass,False,False,True,False,1,0,0,1
S104,Female,28.0,96.20208795537168,83.0,No,Yes,58.75498575498575,Pass,False,True,False,False,1,0,0,1
S329,Female,20.0,59.2231435709428,96.0,No,Yes,58.75498575498575,Pass,True,False,False,False,1,0,0,1
S397,Female,37.0,93.05340099873608,81.0,No,Yes,58.75498575498575,Pass,True,False,False,False,1,0,0,1
S097,Female,29.0,68.86429826210363,92.0,No,No,64.0,Pass,False,True,False,False,1,0,0,0
S112,Male,14.0,84.35827527016656,94.0,Yes,Yes,59.0,Fail,False,True,False,False,0,1,1,1
S370,Male,28.0,90.26574836789526,74.0,No,Yes,64.0,Pass,False,False,False,True,1,1,0,1
S463,Female,13.0,73.71186543501848,77.0,Yes,Yes,55.0,Fail,False,False,False,True,0,0,1,1
S060,Male,32.0,88.44588706576988,78.0,No,Yes,56.0,Fail,False,True,False,False,0,1,0,1
S041,Male,37.0,81.96806784871211,67.0,No,Yes,56.0,Fail,True,False,False,False,0,1,0,1
S097,Female,29.0,68.86429826210363,92.0,No,No,64.0,Pass,False,True,False,False,1,0,0,0
S216,Male,21.0,65.80982911482474,92.0,Yes,No,65.0,Pass,True,False,False,False,1,1,1,0
S430,Female,23.0,86.60922892295312,79.0,Yes,No,55.0,Fail,False,True,False,False,0,0,1,0
S377,Female,35.0,70.3196154136761,85.0,No,No,59.0,Fail,False,False,False,True,0,0,0,0
S187,Female,22.0,60.08652311651179,78.0,No,Yes,50.0,Fail,False,False,True,False,0,0,0,1
S233,Female,35.0,66.64078929562422,78.0,Yes,Yes,54.0,Fail,False,False,True,False,0,0,1,1
S166,Male,16.0,85.92286354182768,83.0,Yes,No,55.0,Fail,False,False,False,True,0,1,1,0
S207,Female,20.0,89.07572408757075,92.0,Yes,Yes,62.0,Pass,True,False,False,False,1,0,1,1
S419,Female,37.0,76.48308393275406,82.0,No,Yes,63.0,Pass,False,True,False,False,1,0,0,1
S033,Female,19.0,90.81928676065311,88.0,Yes,Yes,56.0,Fail,False,False,False,True,0,0,1,1
S185,Male,33.0,77.43015589690766,94.0,Yes,Yes,58.0,Fail,True,False,False,False,0,1,1,1
S057,Female,37.0,89.82358878369386,84.0,No,Yes,68.0,Pass,False,True,False,False,1,0,0,1
S372,Female,21.0,80.15987010884898,63.0,Yes,No,50.0,Fail,False,True,False,False,0,0,1,0
S395,Male,12.0,88.69172616006702,80.0,No,Yes,50.0,Fail,False,False,False,True,0,1,0,1
S211,Male,10.0,91.25663383463989,85.0,Yes,Yes,63.0,Pass,True,False,False,False,1,1,1,1
S361,Female,29.0,62.69442820216521,56.0,Yes,Yes,54.0,Fail,False,False,True,False,0,0,1,1
S382,Female,22.0,92.40640477334418,51.0,Yes,No,53.0,Fail,True,False,False,False,0,0,1,0
S389,Male,37.0,66.79329285749175,70.0,No,Yes,55.0,Fail,True,False,False,False,0,1,0,1
S387,Male,35.0,95.5312001770152,66.0,Yes,No,65.0,Pass,False,True,False,False,1,1,1,0
S380,Male,39.0,81.66203874554803,97.0,Yes,Yes,66.0,Pass,True,False,False,False,1,1,1,1
S020,Male,36.0,60.25226642532625,80.0,No,No,50.0,Fail,True,False,False,False,0,1,0,0
S445,Female,15.0,91.85394953515149,93.0,No,Yes,67.0,Pass,True,False,False,False,1,0,0,1
S380,Male,39.0,81.66203874554803,97.0,Yes,Yes,66.0,Pass,True,False,False,False,1,1,1,1
S099,Female,22.0,93.41505535177934,88.0,No,No,63.0,Pass,False,True,False,False,1,0,0,0
S448,Female,37.0,86.07664305609528,60.0,Yes,No,51.0,Fail,True,False,False,False,0,0,1,0
S408,Female,35.0,87.08434721143328,73.0,No,Yes,60.0,Pass,False,False,True,False,1,0,0,1
S089,Female,15.0,56.43741991498219,58.0,Yes,Yes,50.0,Fail,True,False,False,False,0,0,1,1
S049,Female,17.0,54.55010455256652,91.0,No,No,50.0,Fail,False,False,False,True,0,0,0,0
S194,Male,26.0,80.30509405279193,62.0,No,No,56.0,Fail,False,True,False,False,0,1,0,0
S121,Female,35.0,59.1141939237979,55.0,No,No,57.0,Fail,False,False,False,True,0,0,0,0
S362,Male,26.0,59.80565498467264,52.0,No,Yes,50.0,Fail,False,True,False,False,0,1,0,1
S322,Male,16.0,60.634039217061314,76.0,No,No,50.0,Fail,True,False,False,False,0,1,0,0
S499,Male,24.0,73.66050590406667,68.0,Yes,No,57.0,Fail,False,True,False,False,0,1,1,0
S251,Female,34.0,76.82406757422973,55.0,Yes,No,50.0,Fail,False,True,False,False,0,0,1,0
S314,Male,32.0,62.4113221378576,60.0,No,Yes,50.0,Fail,False,True,False,False,0,1,0,1
S200,Male,27.0,96.64690335499772,65.0,No,No,63.0,Pass,True,False,False,False,1,1,0,0
S399,Female,34.0,98.7273632599435,94.0,No,Yes,66.0,Pass,True,False,False,False,1,0,0,1
S072,Female,29.0,84.88337868484659,54.0,Yes,Yes,50.0,Fail,False,False,True,False,0,0,1,1
S162,Male,35.0,98.75335814725712,89.0,Yes,No,71.0,Pass,True,False,False,False,1,1,1,0
S440,Male,20.0,97.93135886566102,95.0,No,Yes,61.0,Pass,True,False,False,False,1,1,0,1
S139,Male,38.0,94.98236985725062,84.0,Yes,No,71.0,Pass,False,False,False,True,1,1,1,0
S449,Male,30.0,80.52023335039789,52.0,Yes,No,59.0,Fail,False,False,False,True,0,1,1,0
S108,Female,37.0,86.02580306957324,57.0,No,No,60.0,Pass,False,False,False,True,1,0,0,0
S476,Female,23.0,65.72982784047055,91.0,No,No,58.0,Fail,True,False,False,False,0,0,0,0
S068,Male,35.0,76.8631708357035,79.0,Yes,Yes,57.0,Fail,False,False,False,True,0,1,1,1
S178,Male,11.0,54.36450897948377,62.0,No,Yes,50.0,Fail,False,True,False,False,0,1,0,1
S406,Female,30.0,74.2389183575173,71.0,Yes,Yes,60.0,Pass,False,True,False,False,1,0,1,1
S340,Female,15.0,79.37268021170371,83.0,Yes,No,61.0,Pass,False,True,False,False,1,0,1,0
S368,Female,15.0,77.8360792391683,95.0,No,Yes,61.0,Pass,False,False,True,False,1,0,0,1
S370,Male,28.0,90.26574836789526,74.0,No,Yes,64.0,Pass,False,False,False,True,1,1,0,1
S379,Female,16.0,54.346250747517466,87.0,No,No,50.0,Fail,False,True,False,False,0,0,0,0
S246,Female,33.0,60.22722965847316,83.0,No,No,56.0,Fail,False,False,False,True,0,0,0,0
S164,Female,25.0,86.14480483108878,54.0,No,Yes,50.0,Fail,False,False,True,False,0,0,0,1
S008,Male,19.0,56.69260594003166,72.0,Yes,Yes,50.0,Fail,True,False,False,False,0,1,1,1
S051,Male,25.0,77.37231534495558,79.0,No,No,57.0,Fail,False,False,True,False,0,1,0,0
S142,Male,21.0,74.91238489244701,96.0,No,No,61.0,Pass,False,True,False,False,1,1,0,0
S394,Female,10.0,67.25960724406377,96.0,No,Yes,64.0,Pass,False,False,True,False,1,0,0,1
S045,Female,13.0,99.02313625461888,91.0,Yes,Yes,55.0,Fail,False,False,False,True,0,0,1,1
S013,Male,23.0,87.49553747349859,88.0,Yes,No,57.0,Fail,True,False,False,False,0,1,1,0
S085,Male,21.0,77.43576546037043,97.0,Yes,No,52.0,Fail,True,False,False,False,0,1,1,0
S300,Female,28.0,87.21248259216443,75.0,No,No,65.0,Pass,True,False,False,False,1,0,0,0
S438,Female,32.0,71.10180297753436,88.0,Yes,Yes,51.0,Fail,False,False,True,False,0,0,1,1
S439,Male,34.0,67.69356882806247,75.0,No,No,56.0,Fail,True,False,False,False,0,1,0,0
S012,Male,17.0,76.71731375147316,79.0,No,No,50.0,Fail,False,True,False,False,0,1,0,0
S366,Male,13.0,78.47217588817502,52.0,No,Yes,50.0,Fail,False,False,True,False,0,1,0,1
S380,Male,39.0,81.66203874554803,97.0,Yes,Yes,66.0,Pass,True,False,False,False,1,1,1,1
S180,Male,19.0,96.60071711284672,54.0,No,No,52.0,Fail,True,False,False,False,0,1,0,0
S486,Female,19.0,87.95179227694248,100.0,No,No,64.0,Pass,False,True,False,False,1,0,0,0
S431,Male,24.0,62.53653302807989,82.0,Yes,Yes,52.0,Fail,False,False,False,True,0,1,1,1
S160,Female,21.0,95.86978065427658,58.0,Yes,Yes,66.0,Pass,True,False,False,False,1,0,1,1
S353,Male,14.0,94.87152049094422,74.0,Yes,Yes,63.0,Pass,False,False,True,False,1,1,1,1
S265,Male,33.0,91.33994139045392,53.0,No,No,50.0,Fail,False,False,False,True,0,1,0,0
S152,Male,14.0,52.78267446784877,77.0,No,Yes,50.0,Fail,False,False,False,True,0,1,0,1
S147,Male,31.0,68.26784098370288,86.0,Yes,Yes,63.0,Pass,False,True,False,False,1,1,1,1
S259,Female,12.0,88.59409902991226,77.0,Yes,Yes,50.0,Fail,False,True,False,False,0,0,1,1
S429,Male,26.0,63.32491966854411,62.0,Yes,Yes,50.0,Fail,True,False,False,False,0,1,1,1
S014,Male,33.0,95.65828761288212,84.0,Yes,Yes,61.0,Pass,False,False,True,False,1,1,1,1
S159,Male,14.0,78.799920890283,91.0,No,Yes,61.0,Pass,False,False,False,True,1,1,0,1
S482,Female,14.0,54.33526059310918,61.0,No,Yes,50.0,Fail,True,False,False,False,0,0,0,1
S297,Female,37.0,61.36978104385563,100.0,Yes,No,66.0,Pass,False,True,False,False,1,0,1,0
S055,Male,32.0,76.18011380075056,81.0,No,No,56.0,Fail,True,False,False,False,0,1,0,0
S207,Female,20.0,89.07572408757075,92.0,Yes,Yes,62.0,Pass,True,False,False,False,1,0,1,1
S280,Female,39.0,89.50423185620434,67.0,No,Yes,64.0,Pass,False,False,False,True,1,0,0,1
S034,Female,32.0,98.39868827199116,64.0,Yes,No,67.0,Pass,False,False,False,True,1,0,1,0
S494,Female,33.0,83.49587322750196,100.0,No,No,71.0,Pass,False,False,False,True,1,0,0,0
S163,Female,35.0,74.53743896293922,74.0,Yes,Yes,57.0,Fail,False,True,False,False,0,0,1,1
S433,Male,30.0,74.71369250691357,75.0,Yes,No,53.0,Fail,False,True,False,False,0,1,1,0
S028,Female,20.0,51.109237101515085,92.0,Yes,Yes,51.0,Fail,False,False,False,True,0,0,1,1
S328,Male,38.0,76.75348594668293,70.0,No,No,64.0,Pass,True,False,False,False,1,1,0,0
S355,Female,28.0,90.03748857430605,78.0,Yes,No,67.0,Pass,False,False,True,False,1,0,1,0
S225,Female,12.0,78.87431354530628,79.0,No,No,51.0,Fail,False,False,True,False,0,0,0,0
S160,Female,21.0,95.86978065427658,58.0,Yes,Yes,66.0,Pass,True,False,False,False,1,0,1,1
S213,Male,17.0,61.78458730324999,87.0,No,Yes,57.0,Fail,False,False,False,True,0,1,0,1
S435,Female,31.0,91.9053481589148,88.0,Yes,No,68.0,Pass,False,False,True,False,1,0,1,0
S271,Female,32.0,80.74751315763272,76.0,Yes,No,52.0,Fail,False,True,False,False,0,0,1,0
S365,Male,22.0,66.96356229480955,73.0,No,No,61.0,Pass,False,False,True,False,1,1,0,0
S186,Male,14.0,77.44609899444886,81.0,No,No,57.0,Fail,False,False,False,True,0,1,0,0
S284,Male,31.0,68.7217684860211,78.0,No,Yes,53.0,Fail,True,False,False,False,0,1,0,1
S019,Female,11.0,62.05424161648159,63.0,No,No,52.0,Fail,False,True,False,False,0,0,0,0
S280,Female,39.0,89.50423185620434,67.0,No,Yes,64.0,Pass,False,False,False,True,1,0,0,1
S143,Female,35.0,66.5174240640457,74.0,Yes,No,59.0,Fail,False,False,True,False,0,0,1,0
S299,Male,29.0,68.96528491927744,72.0,No,Yes,50.0,Fail,True,False,False,False,0,1,0,1
S090,Female,22.0,66.50497566550777,64.0,No,No,50.0,Fail,False,False,False,True,0,0,0,0
S214,Male,19.0,81.68792818600886,56.0,No,No,50.0,Fail,False,False,True,False,0,1,0,0
S369,Male,37.0,86.04065481552533,64.0,No,No,61.0,Pass,False,True,False,False,1,1,0,0
S375,Male,36.0,97.22048627886367,93.0,Yes,Yes,65.0,Pass,False,False,True,False,1,1,1,1
S402,Female,34.0,78.28883099832802,87.0,Yes,Yes,65.0,Pass,False,True,False,False,1,0,1,1
S344,Female,17.0,76.72279456286235,73.0,Yes,No,50.0,Fail,False,False,False,True,0,0,1,0
S480,Female,27.0,84.52801162228204,61.0,No,No,52.0,Fail,False,False,True,False,0,0,0,0
S279,Male,26.0,95.93752611303732,75.0,No,No,61.0,Pass,False,False,True,False,1,1,0,0
S262,Female,27.0,78.27541736614869,86.0,No,Yes,59.0,Fail,False,False,False,True,0,0,0,1
S086,Male,14.0,76.72117518662616,50.0,Yes,Yes,50.0,Fail,False,False,False,True,0,1,1,1
S061,Male,31.0,53.311798892593295,98.0,No,No,67.0,Pass,True,False,False,False,1,1,0,0
S305,Female,14.0,70.72522921018138,53.0,Yes,No,50.0,Fail,False,True,False,False,0,0,1,0
S414,Male,30.0,56.61381055626652,64.0,No,No,52.0,Fail,False,True,False,False,0,1,0,0
S228,Female,35.0,76.5928739844087,67.0,No,No,62.0,Pass,True,False,False,False,1,0,0,0
S335,Female,19.0,67.46934995246664,54.0,No,No,50.0,Fail,False,False,False,True,0,0,0,0
S074,Female,15.0,84.82507331135395,79.0,No,Yes,57.0,Fail,False,False,False,True,0,0,0,1
S399,Female,34.0,98.7273632599435,94.0,No,Yes,66.0,Pass,True,False,False,False,1,0,0,1
S216,Male,21.0,65.80982911482474,92.0,Yes,No,65.0,Pass,True,False,False,False,1,1,1,0
S459,Male,37.0,92.32039246572786,61.0,No,No,61.0,Pass,False,False,True,False,1,1,0,0
S493,Male,32.0,52.5797903329355,81.0,No,No,50.0,Fail,False,False,True,False,0,1,0,0
S367,Female,13.0,94.37302412567516,69.0,No,Yes,62.0,Pass,False,False,False,True,1,0,0,1
S403,Male,33.0,99.26836561208674,90.0,Yes,Yes,64.0,Pass,False,True,False,False,1,1,1,1
S035,Female,35.0,54.42041116828233,98.0,No,Yes,59.0,Fail,True,False,False,False,0,0,0,1
S119,Female,30.0,55.24345832662405,98.0,No,No,62.0,Pass,True,False,False,False,1,0,0,0
S003,Male,32.0,69.64947244894296,58.0,Yes,No,57.0,Fail,False,False,False,True,0,1,1,0
S261,Male,13.0,79.92213506026135,79.0,No,No,52.0,Fail,True,False,False,False,0,1,0,0
S264,Male,16.0,79.95146823886633,71.0,No,Yes,55.0,Fail,True,False,False,False,0,1,0,1
S478,Female,38.0,98.10493928820588,60.0,Yes,No,64.0,Pass,False,False,True,False,1,0,1,0
S465,Female,31.0,67.57700805671094,96.0,No,Yes,62.0,Pass,False,False,False,True,1,0,0,1
S365,Male,22.0,66.96356229480955,73.0,No,No,61.0,Pass,False,False,True,False,1,1,0,0
S326,Female,12.0,77.86526844450239,77.0,Yes,No,50.0,Fail,True,False,False,False,0,0,1,0
S298,Male,23.0,80.39471968971293,60.0,No,Yes,50.0,Fail,False,False,False,True,0,1,0,1
S253,Female,19.0,72.85001096408392,79.0,No,No,53.0,Fail,False,False,True,False,0,0,0,0
S223,Female,28.0,76.98905309573165,81.0,Yes,Yes,65.0,Pass,True,False,False,False,1,0,1,1
S189,Male,25.0,54.39340556213284,52.0,Yes,Yes,50.0,Fail,True,False,False,False,0,1,1,1
S124,Male,24.0,54.46021643560281,96.0,No,No,51.0,Fail,True,False,False,False,0,1,0,0
S223,Female,28.0,76.98905309573165,81.0,Yes,Yes,65.0,Pass,True,False,False,False,1,0,1,1
S024,Female,26.0,93.9110333739596,94.0,No,No,65.0,Pass,False,True,False,False,1,0,0,0
S066,Female,38.0,78.98249672358692,96.0,No,No,71.0,Pass,False,False,True,False,1,0,0,0
S457,Female,37.0,58.10069389457923,90.0,No,Yes,58.0,Fail,False,True,False,False,0,0,0,1
S487,Male,33.0,86.20516646365692,68.0,Yes,No,51.0,Fail,True,False,False,False,0,1,1,0
S066,Female,38.0,78.98249672358692,96.0,No,No,71.0,Pass,False,False,True,False,1,0,0,0
S130,Female,17.0,82.4411420145788,98.0,No,Yes,62.0,Pass,False,False,False,True,1,0,0,1
S330,Female,20.0,64.97979558832385,65.0,Yes,No,50.0,Fail,True,False,False,False,0,0,1,0
S119,Female,30.0,55.24345832662405,98.0,No,No,62.0,Pass,True,False,False,False,1,0,0,0
S381,Female,12.0,86.79523065980013,71.0,Yes,Yes,57.0,Fail,False,False,True,False,0,0,1,1
S101,Male,37.0,79.86390411277154,73.0,No,Yes,70.0,Pass,False,False,False,True,1,1,0,1
S394,Female,10.0,67.25960724406377,96.0,No,Yes,64.0,Pass,False,False,True,False,1,0,0,1
S016,Male,24.0,86.3060422035924,91.0,Yes,Yes,65.0,Pass,False,True,False,False,1,1,1,1
S023,Female,35.0,60.36138245040282,93.0,No,No,63.0,Pass,True,False,False,False,1,0,0,0
S091,Female,29.0,66.07913823400145,98.0,No,Yes,60.0,Pass,False,False,True,False,1,0,0,1
S032,Male,38.0,65.38886198855246,93.0,No,No,67.0,Pass,False,False,False,True,1,1,0,0
S043,Female,16.0,95.15755293383133,65.0,Yes,No,55.0,Fail,True,False,False,False,0,0,1,0
S277,Male,39.0,79.64814526294109,50.0,Yes,No,55.0,Fail,False,False,True,False,0,1,1,0
S268,Female,14.0,61.36754915149935,85.0,Yes,Yes,50.0,Fail,False,True,False,False,0,0,1,1
S021,Female,19.0,62.57212197558992,73.0,No,No,50.0,Fail,False,True,False,False,0,0,0,0
S197,Female,29.0,92.53637300082272,55.0,No,No,61.0,Pass,False,False,False,True,1,0,0,0
S291,Male,38.0,61.79530172975406,60.0,No,No,54.0,Fail,False,True,False,False,0,1,0,0
S263,Male,26.0,85.80895373664761,78.0,Yes,Yes,58.0,Fail,True,False,False,False,0,1,1,1
S368,Female,15.0,77.8360792391683,95.0,No,Yes,61.0,Pass,False,False,True,False,1,0,0,1
S342,Female,23.0,85.7029599894914,98.0,No,No,60.0,Pass,True,False,False,False,1,0,0,0
S324,Female,35.0,98.77706578413782,66.0,No,Yes,71.0,Pass,False,False,True,False,1,0,0,1
S328,Male,38.0,76.75348594668293,70.0,No,No,64.0,Pass,True,False,False,False,1,1,0,0
S120,Male,10.0,86.87026030469096,52.0,Yes,No,50.0,Fail,True,False,False,False,0,1,1,0
S333,Female,21.0,71.33944526683747,55.0,Yes,No,50.0,Fail,False,True,False,False,0,0,1,0
S077,Female,20.0,75.76180274321055,94.0,No,No,56.0,Fail,True,False,False,False,0,0,0,0
S016,Male,24.0,86.3060422035924,91.0,Yes,Yes,65.0,Pass,False,True,False,False,1,1,1,1
S092,Female,39.0,54.6145293114373,73.0,No,Yes,60.0,Pass,False,True,False,False,1,0,0,1
S339,Female,38.0,91.82824066461664,64.0,Yes,Yes,61.0,Pass,False,False,False,True,1,0,1,1
S084,Female,21.0,51.590234074258255,74.0,Yes,Yes,50.0,Fail,True,False,False,False,0,0,1,1
S258,Female,26.0,70.44775885427467,83.0,Yes,No,57.0,Fail,False,True,False,False,0,0,1,0
S477,Male,12.0,90.37151259083804,63.0,Yes,No,53.0,Fail,False,True,False,False,0,1,1,0
S229,Male,17.0,53.330955619540845,85.0,No,Yes,50.0,Fail,False,True,False,False,0,1,0,1
S237,Female,18.0,93.93145576867192,81.0,No,Yes,57.0,Fail,True,False,False,False,0,0,0,1
S047,Female,29.0,81.83221608111413,51.0,No,Yes,52.0,Fail,False,False,True,False,0,0,0,1
S416,Male,31.0,84.56109288048272,71.0,Yes,Yes,56.0,Fail,False,False,True,False,0,1,1,1
S428,Female,18.0,63.18419013173082,90.0,Yes,Yes,57.0,Fail,False,False,True,False,0,0,1,1
S252,Male,13.0,68.94107827784579,68.0,No,No,50.0,Fail,False,False,True,False,0,1,0,0
S222,Male,38.0,81.20507720909188,59.0,Yes,No,60.0,Pass,False,False,False,True,1,1,1,0
S302,Male,24.0,89.38949443572463,95.0,Yes,Yes,61.0,Pass,False,True,False,False,1,1,1,1
S390,Male,17.0,91.25536657113298,67.0,No,No,59.0,Fail,False,False,True,False,0,1,0,0
S042,Male,35.0,90.2522333759681,82.0,Yes,Yes,68.0,Pass,False,True,False,False,1,1,1,1
S332,Male,24.0,69.8659057728799,69.0,No,No,54.0,Fail,False,False,True,False,0,1,0,0
S235,Female,11.0,84.68588037016693,88.0,No,Yes,67.0,Pass,True,False,False,False,1,0,0,1
S387,Male,35.0,95.5312001770152,66.0,Yes,No,65.0,Pass,False,True,False,False,1,1,1,0
S345,Male,19.0,74.0543974193793,61.0,Yes,No,51.0,Fail,False,True,False,False,0,1,1,0
S190,Female,33.0,56.94123867210102,89.0,Yes,No,59.0,Fail,True,False,False,False,0,0,1,0
S160,Female,21.0,95.86978065427658,58.0,Yes,Yes,66.0,Pass,True,False,False,False,1,0,1,1
S349,Female,35.0,66.71814056552411,65.0,No,Yes,58.0,Fail,False,False,True,False,0,0,0,1
S409,Female,21.0,84.94229265804522,90.0,Yes,Yes,63.0,Pass,False,False,True,False,1,0,1,1
S341,Male,16.0,64.70223396104858,84.0,No,No,50.0,Fail,False,True,False,False,0,1,0,0
S156,Female,23.0,84.84807311832108,74.0,No,Yes,68.0,Pass,False,False,False,True,1,0,0,1
S241,Female,30.0,99.88463079619216,98.0,Yes,No,74.0,Pass,False,False,True,False,1,0,1,0
S011,Male,12.0,84.5857198584456,80.0,No,Yes,60.0,Pass,False,True,False,False,1,1,0,1
S313,Female,30.0,95.63747314395644,78.0,Yes,No,61.0,Pass,False,True,False,False,1,0,1,0
S126,Female,39.0,61.66082057749006,98.0,Yes,No,63.0,Pass,True,False,False,False,1,0,1,0
S328,Male,38.0,76.75348594668293,70.0,No,No,64.0,Pass,True,False,False,False,1,1,0,0
S368,Female,15.0,77.8360792391683,95.0,No,Yes,61.0,Pass,False,False,True,False,1,0,0,1
S339,Female,38.0,91.82824066461664,64.0,Yes,Yes,61.0,Pass,False,False,False,True,1,0,1,1
S221,Male,11.0,94.98337226460863,91.0,No,No,57.0,Fail,False,True,False,False,0,1,0,0
S192,Male,32.0,55.83480320708407,89.0,No,No,59.0,Fail,True,False,False,False,0,1,0,0
S496,Male,31.0,79.41318784849655,67.0,No,Yes,65.0,Pass,True,False,False,False,1,1,0,1
S370,Male,28.0,90.26574836789526,74.0,No,Yes,64.0,Pass,False,False,False,True,1,1,0,1
S017,Female,31.0,87.85406010212279,88.0,Yes,No,65.0,Pass,False,False,True,False,1,0,1,0
S101,Male,37.0,79.86390411277154,73.0,No,Yes,70.0,Pass,False,False,False,True,1,1,0,1
S175,Female,31.0,76.49200115905583,55.0,Yes,No,50.0,Fail,False,False,True,False,0,0,1,0
S017,Female,31.0,87.85406010212279,88.0,Yes,No,65.0,Pass,False,False,True,False,1,0,1,0
S459,Male,37.0,92.32039246572786,61.0,No,No,61.0,Pass,False,False,True,False,1,1,0,0
S232,Female,19.0,71.57640715682213,62.0,No,Yes,52.0,Fail,True,False,False,False,0,0,0,1
S458,Female,27.0,92.07648301550216,99.0,No,No,65.0,Pass,True,False,False,False,1,0,0,0
S138,Male,31.0,66.8723416935959,81.0,Yes,No,59.0,Fail,False,False,False,True,0,1,1,0
S254,Male,14.0,80.19789360362563,56.0,No,No,52.0,Fail,False,False,False,True,0,1,0,0
S469,Male,30.0,72.98407563805655,65.0,No,No,54.0,Fail,False,True,False,False,0,1,0,0
S329,Female,20.0,59.2231435709428,96.0,No,Yes,64.0,Pass,True,False,False,False,1,0,0,1
S027,Female,18.0,63.433624101265366,86.0,No,No,50.0,Fail,False,True,False,False,0,0,0,0
S360,Male,31.0,77.58612976296699,99.0,Yes,No,66.0,Pass,False,False,True,False,1,1,1,0
S432,Female,10.0,81.65490316787238,62.0,No,Yes,50.0,Fail,False,False,False,True,0,0,0,1
S038,Male,34.0,74.00229835092375,71.0,No,No,54.0,Fail,False,False,False,True,0,1,0,0
S154,Male,26.0,52.58177389372564,58.0,Yes,Yes,50.0,Fail,False,False,True,False,0,1,1,1
S484,Female,34.0,87.91962069728407,74.0,Yes,No,58.0,Fail,False,False,True,False,0,0,1,0
S146,Male,14.0,61.26663988562641,63.0,Yes,No,50.0,Fail,False,True,False,False,0,1,1,0
S294,Female,21.0,91.8745394501246,96.0,Yes,Yes,65.0,Pass,False,False,True,False,1,0,1,1
S283,Female,34.0,88.5623334259869,96.0,Yes,Yes,72.0,Pass,True,False,False,False,1,0,1,1
S488,Female,39.0,81.86157898947434,95.0,No,Yes,61.0,Pass,False,False,False,True,1,0,0,1
S434,Female,31.0,78.66471890897003,71.0,No,No,55.0,Fail,True,False,False,False,0,0,0,0
S039,Male,33.0,71.02678893325375,74.0,Yes,No,58.0,Fail,False,True,False,False,0,1,1,0
S023,Female,35.0,60.36138245040282,93.0,No,No,63.0,Pass,True,False,False,False,1,0,0,0
S498,Female,27.0,77.79032907185898,67.0,No,Yes,58.0,Fail,True,False,False,False,0,0,0,1
S234,Female,39.0,86.52745684046508,61.0,No,Yes,53.0,Fail,True,False,False,False,0,0,0,1
S369,Male,37.0,86.04065481552533,64.0,No,No,61.0,Pass,False,True,False,False,1,1,0,0
S340,Female,15.0,79.37268021170371,83.0,Yes,No,61.0,Pass,False,True,False,False,1,0,1,0
S073,Male,19.0,59.00336361746493,50.0,Yes,Yes,50.0,Fail,True,False,False,False,0,1,1,1
S353,Male,14.0,94.87152049094422,74.0,Yes,Yes,63.0,Pass,False,False,True,False,1,1,1,1
S031,Male,16.0,91.56857450312506,72.0,No,Yes,52.0,Fail,True,False,False,False,0,1,0,1
S125,Male,11.0,76.76677820077617,72.0,No,Yes,57.0,Fail,False,False,False,True,0,1,0,1
S410,Female,22.0,70.12750217984903,66.0,Yes,No,50.0,Fail,False,False,True,False,0,0,1,0
S402,Female,34.0,78.28883099832802,87.0,Yes,Yes,65.0,Pass,False,True,False,False,1,0,1,1
S053,Male,21.0,95.52356392016364,62.0,No,No,50.0,Fail,False,False,True,False,0,1,0,0
S351,Female,14.0,87.66231103737255,57.0,Yes,No,55.0,Fail,False,False,False,True,0,0,1,0
S391,Male,38.0,68.15296060975453,79.0,No,Yes,60.0,Pass,False,True,False,False,1,1,0,1
S257,Male,12.0,74.3178740997804,81.0,Yes,Yes,50.0,Fail,False,False,False,True,0,1,1,1
S235,Female,11.0,84.68588037016693,88.0,No,Yes,67.0,Pass,True,False,False,False,1,0,0,1
S181,Male,35.0,66.03210960797571,62.0,No,No,50.0,Fail,False,False,False,True,0,1,0,0
S445,Female,15.0,91.85394953515149,93.0,No,Yes,67.0,Pass,True,False,False,False,1,0,0,1
S165,Female,30.0,91.04307365766763,60.0,No,No,50.0,Fail,False,True,False,False,0,0,0,0
S461,Female,14.0,57.733607044161815,57.0,No,Yes,52.0,Fail,False,False,False,True,0,0,0,1
S354,Female,15.0,76.32892333296469,66.0,No,Yes,50.0,Fail,False,False,False,True,0,0,0,1
S446,Male,21.0,71.85966981786217,98.0,Yes,No,62.0,Pass,False,True,False,False,1,1,1,0
S324,Female,35.0,98.77706578413782,66.0,No,Yes,71.0,Pass,False,False,True,False,1,0,0,1
S342,Female,23.0,85.7029599894914,98.0,No,No,60.0,Pass,True,False,False,False,1,0,0,0
S447,Male,33.0,95.77568386459568,89.0,Yes,No,69.0,Pass,False,False,True,False,1,1,1,0
S455,Male,17.0,63.49556111960975,80.0,Yes,No,53.0,Fail,False,False,False,True,0,1,1,0
S278,Female,26.0,55.11063321125998,71.0,Yes,No,50.0,Fail,False,True,False,False,0,0,1,0
S094,Female,12.0,84.38923585480416,61.0,Yes,Yes,50.0,Fail,True,False,False,False,0,0,1,1
S409,Female,21.0,84.94229265804522,90.0,Yes,Yes,63.0,Pass,False,False,True,False,1,0,1,1
S226,Female,32.0,67.7681225909198,88.0,No,No,56.0,Fail,True,False,False,False,0,0,0,0
S069,Female,35.0,73.0059579491786,74.0,No,Yes,60.0,Pass,False,False,False,True,1,0,0,1
S450,Female,17.0,97.46533985288828,55.0,No,No,50.0,Fail,True,False,False,False,0,0,0,0
S092,Female,39.0,54.6145293114373,73.0,No,Yes,60.0,Pass,False,True,False,False,1,0,0,1
S026,Female,10.0,52.34482338956099,52.0,No,No,50.0,Fail,False,False,False,True,0,0,0,0
S224,Female,27.0,71.93723376941695,92.0,Yes,Yes,59.0,Fail,False,True,False,False,0,0,1,1
S356,Male,17.0,98.94657178079804,57.0,Yes,No,50.0,Fail,True,False,False,False,0,1,1,0
S097,Female,29.0,68.86429826210363,92.0,No,No,64.0,Pass,False,True,False,False,1,0,0,0
S321,Female,35.0,61.00486070405485,60.0,Yes,No,50.0,Fail,True,False,False,False,0,0,1,0
S188,Male,13.0,84.22857739399166,100.0,Yes,Yes,65.0,Pass,False,False,True,False,1,1,1,1
S083,Male,37.0,67.38096072413418,86.0,Yes,No,65.0,Pass,False,True,False,False,1,1,1,0
S240,Female,35.0,78.65754246286943,76.0,Yes,Yes,60.0,Pass,False,False,False,True,1,0,1,1
S365,Male,22.0,66.96356229480955,73.0,No,No,61.0,Pass,False,False,True,False,1,1,0,0
S095,Female,32.0,75.58285067736307,86.0,Yes,Yes,63.0,Pass,False,False,True,False,1,0,1,1
S408,Female,35.0,87.08434721143328,73.0,No,Yes,60.0,Pass,False,False,True,False,1,0,0,1
S289,Male,13.0,95.53430991278566,56.0,No,Yes,60.0,Pass,True,False,False,False,1,1,0,1
S115,Male,39.0,51.523607636679706,92.0,No,No,64.0,Pass,False,False,True,False,1,1,0,0
S325,Female,14.0,72.94944940085065,93.0,No,No,54.0,Fail,False,False,False,True,0,0,0,0
S327,Male,32.0,93.0316008945367,78.0,Yes,Yes,77.0,Pass,True,False,False,False,1,1,1,1
S172,Male,32.0,85.54762394183741,97.0,No,Yes,64.0,Pass,True,False,False,False,1,1,0,1
S441,Male,21.0,59.21854603394816,99.0,Yes,Yes,60.0,Pass,False,True,False,False,1,1,1,1
S198,Female,33.0,87.2987262774359,73.0,No,Yes,72.0,Pass,False,False,True,False,1,0,0,1
S034,Female,32.0,98.39868827199116,64.0,Yes,No,67.0,Pass,False,False,False,True,1,0,1,0
S032,Male,38.0,65.38886198855246,93.0,No,No,67.0,Pass,False,False,False,True,1,1,0,0
S103,Female,39.0,76.82953229936663,62.0,Yes,Yes,68.0,Pass,False,False,True,False,1,0,1,1
S042,Male,35.0,90.2522333759681,82.0,Yes,Yes,68.0,Pass,False,True,False,False,1,1,1,1
S282,Female,25.0,82.5683605494123,63.0,Yes,Yes,54.0,Fail,False,True,False,False,0,0,1,1
S116,Female,32.0,93.36074905373616,83.0,No,No,66.0,Pass,False,False,True,False,1,0,0,0
S436,Female,12.0,70.21907507745121,51.0,Yes,No,50.0,Fail,False,False,True,False,0,0,1,0
S460,Male,37.0,97.76181563617396,57.0,No,No,59.0,Fail,False,True,False,False,0,1,0,0
S338,Male,26.0,68.88629737200847,87.0,Yes,Yes,65.0,Pass,True,False,False,False,1,1,1,1
S244,Male,20.0,88.92859695253756,89.0,No,Yes,61.0,Pass,False,False,False,True,1,1,0,1
S048,Male,10.0,77.74078042711128,84.0,No,Yes,56.0,Fail,True,False,False,False,0,1,0,1
S006,Female,27.0,53.17559147950007,57.0,Yes,No,50.0,Fail,False,False,True,False,0,0,1,0
S052,Female,23.0,72.54552237080522,62.0,Yes,No,50.0,Fail,True,False,False,False,0,0,1,0
S095,Female,32.0,75.58285067736307,86.0,Yes,Yes,63.0,Pass,False,False,True,False,1,0,1,1
S470,Female,29.0,53.79667051848111,53.0,No,Yes,50.0,Fail,True,False,False,False,0,0,0,1
S147,Male,31.0,68.26784098370288,86.0,Yes,Yes,63.0,Pass,False,True,False,False,1,1,1,1
S355,Female,28.0,90.03748857430605,78.0,Yes,No,67.0,Pass,False,False,True,False,1,0,1,0
S316,Female,34.0,58.27566587139869,51.0,No,No,54.0,Fail,False,True,False,False,0,0,0,0
S191,Male,25.0,50.13554497071648,83.0,Yes,Yes,50.0,Fail,False,True,False,False,0,1,1,1
S347,Male,27.0,88.26781405331204,64.0,Yes,Yes,67.0,Pass,False,False,False,True,1,1,1,1
S104,Female,28.0,96.20208795537168,83.0,No,Yes,67.0,Pass,False,True,False,False,1,0,0,1
S127,Female,31.0,67.14634321391301,58.0,No,No,50.0,Fail,False,True,False,False,0,0,0,0
S151,Male,37.0,90.29324433705716,52.0,Yes,No,56.0,Fail,False,False,False,True,0,1,1,0
S157,Male,39.0,99.86277673841973,83.0,No,No,64.0,Pass,False,False,True,False,1,1,0,0
S044,Female,34.0,80.8631856048646,94.0,No,Yes,65.0,Pass,False,False,False,True,1,0,0,1
S157,Male,39.0,99.86277673841973,83.0,No,No,64.0,Pass,False,False,True,False,1,1,0,0
S285,Female,22.0,53.44607696836094,61.0,No,Yes,50.0,Fail,False,False,False,True,0,0,0,1
S300,Female,28.0,87.21248259216443,75.0,No,No,65.0,Pass,True,False,False,False,1,0,0,0
S391,Male,38.0,68.15296060975453,79.0,No,Yes,60.0,Pass,False,True,False,False,1,1,0,1
S092,Female,39.0,54.6145293114373,73.0,No,Yes,60.0,Pass,False,True,False,False,1,0,0,1
S310,Female,36.0,95.92273624696506,88.0,Yes,No,64.0,Pass,False,True,False,False,1,0,1,0
S270,Male,26.0,64.3964808237863,53.0,No,Yes,50.0,Fail,False,True,False,False,0,1,0,1
S219,Female,21.0,72.59743006495196,80.0,Yes,No,58.0,Fail,False,False,True,False,0,0,1,0
S391,Male,38.0,68.15296060975453,79.0,No,Yes,60.0,Pass,False,True,False,False,1,1,0,1
S139,Male,38.0,94.98236985725062,84.0,Yes,No,71.0,Pass,False,False,False,True,1,1,1,0
S173,Male,35.0,59.97534636691599,75.0,No,No,59.0,Fail,False,True,False,False,0,1,0,0
S465,Female,31.0,67.57700805671094,96.0,No,Yes,62.0,Pass,False,False,False,True,1,0,0,1
S222,Male,38.0,81.20507720909188,59.0,Yes,No,60.0,Pass,False,False,False,True,1,1,1,0
S489,Male,27.0,99.0288400089994,85.0,Yes,Yes,64.0,Pass,False,True,False,False,1,1,1,1
S145,Female,28.0,50.37671815670374,53.0,No,No,50.0,Fail,False,False,False,True,0,0,0,0
S249,Male,30.0,87.73176459300583,84.0,No,Yes,69.0,Pass,False,False,False,True,1,1,0,1
S304,Female,30.0,55.71336500278439,78.0,Yes,No,50.0,Fail,False,False,True,False,0,0,1,0
S371,Female,38.0,99.43643909777214,79.0,Yes,Yes,68.0,Pass,False,False,True,False,1,0,1,1
S140,Male,32.0,80.37776111467863,87.0,No,No,69.0,Pass,False,True,False,False,1,1,0,0
S423,Female,28.0,70.26240440138443,99.0,No,Yes,62.0,Pass,False,False,False,True,1,0,0,1
S001,Male,38.0,68.83694849689704,64.0,Yes,No,50.0,Fail,False,True,False,False,0,1,1,0
S412,Female,38.0,82.25270838846647,95.0,No,No,76.0,Pass,True,False,False,False,1,0,0,0
S056,Female,24.0,84.88209357467318,81.0,No,Yes,67.0,Pass,True,False,False,False,1,0,0,1
S030,Female,25.0,73.81053483945071,75.0,No,No,50.0,Fail,False,False,False,True,0,0,0,0
S397,Female,37.0,93.05340099873608,81.0,No,Yes,61.0,Pass,True,False,False,False,1,0,0,1
S113,Female,35.0,92.22203363168144,95.0,No,Yes,64.0,Pass,False,False,True,False,1,0,0,1
S150,Female,23.0,54.3943812270072,90.0,Yes,Yes,53.0,Fail,False,False,False,True,0,0,1,1
S162,Male,35.0,98.75335814725712,89.0,Yes,No,71.0,Pass,True,False,False,False,1,1,1,0
S218,Male,22.0,84.14910317085662,100.0,Yes,Yes,63.0,Pass,False,True,False,False,1,1,1,1
S111,Female,35.0,56.65584642937391,100.0,No,No,57.0,Fail,False,False,False,True,0,0,0,0
S248,Male,34.0,74.69907435654314,94.0,No,Yes,53.0,Fail,True,False,False,False,0,1,0,1
S067,Female,31.0,67.07816052282725,59.0,No,No,50.0,Fail,True,False,False,False,0,0,0,0
S218,Male,22.0,84.14910317085662,100.0,Yes,Yes,63.0,Pass,False,True,False,False,1,1,1,1
S481,Female,28.0,76.06503337067846,72.0,No,No,54.0,Fail,False,False,False,True,0,0,0,0
S239,Male,13.0,87.07304555695228,95.0,No,Yes,58.0,Fail,True,False,False,False,0,1,0,1
S238,Female,16.0,74.77118132019828,62.0,No,No,50.0,Fail,False,True,False,False,0,0,0,0
S096,Female,17.0,57.84888413580968,86.0,No,Yes,50.0,Fail,True,False,False,False,0,0,0,1
S419,Female,37.0,76.48308393275406,82.0,No,Yes,63.0,Pass,False,True,False,False,1,0,0,1
S474,Female,38.0,50.262690927919245,52.0,No,Yes,51.0,Fail,False,True,False,False,0,0,0,1
S446,Male,21.0,71.85966981786217,98.0,Yes,No,62.0,Pass,False,True,False,False,1,1,1,0
S495,Male,10.0,52.208271885505006,93.0,Yes,Yes,52.0,Fail,False,False,True,False,0,1,1,1
S446,Male,21.0,71.85966981786217,98.0,Yes,No,62.0,Pass,False,True,False,False,1,1,1,0
S106,Female,33.0,87.99777044687929,56.0,Yes,No,55.0,Fail,False,False,True,False,0,0,1,0
S319,Male,30.0,89.02478537730438,69.0,Yes,No,56.0,Fail,False,False,True,False,0,1,1,0
S486,Female,19.0,87.95179227694248,100.0,No,No,64.0,Pass,False,True,False,False,1,0,0,0
S119,Female,30.0,55.24345832662405,98.0,No,No,62.0,Pass,True,False,False,False,1,0,0,0
S088,Male,13.0,94.71086314479628,64.0,Yes,Yes,50.0,Fail,False,False,True,False,0,1,1,1
S286,Male,36.0,53.866053274439366,85.0,No,Yes,53.0,Fail,True,False,False,False,0,1,0,1
S091,Female,29.0,66.07913823400145,98.0,No,Yes,60.0,Pass,False,False,True,False,1,0,0,1
S446,Male,21.0,71.85966981786217,98.0,Yes,No,62.0,Pass,False,True,False,False,1,1,1,0
S158,Female,29.0,94.83051314870104,61.0,Yes,No,50.0,Fail,False,True,False,False,0,0,1,0
S017,Female,31.0,87.85406010212279,88.0,Yes,No,65.0,Pass,False,False,True,False,1,0,1,0
S024,Female,26.0,93.9110333739596,94.0,No,No,65.0,Pass,False,True,False,False,1,0,0,0
S466,Male,26.0,70.63967753033762,56.0,No,Yes,55.0,Fail,False,False,False,True,0,1,0,1
S444,Female,17.0,53.41248526770458,91.0,Yes,No,50.0,Fail,False,True,False,False,0,0,1,0
S376,Female,19.0,57.05409243888568,69.0,No,No,50.0,Fail,False,False,True,False,0,0,0,0
S415,Male,25.0,95.02861506181928,65.0,Yes,Yes,50.0,Fail,False,False,True,False,0,1,1,1
S247,Male,13.0,85.70320411118071,73.0,Yes,No,53.0,Fail,False,True,False,False,0,1,1,0
S188,Male,13.0,84.22857739399166,100.0,Yes,Yes,65.0,Pass,False,False,True,False,1,1,1,1
S392,Male,18.0,51.71140554102646,67.0,Yes,No,50.0,Fail,False,False,True,False,0,1,1,0
S486,Female,19.0,87.95179227694248,100.0,No,No,64.0,Pass,False,True,False,False,1,0,0,0
S283,Female,34.0,88.5623334259869,96.0,Yes,Yes,72.0,Pass,True,False,False,False,1,0,1,1
S447,Male,33.0,95.77568386459568,89.0,Yes,No,69.0,Pass,False,False,True,False,1,1,1,0
S169,Male,39.0,91.92912793513123,87.0,No,No,73.0,Pass,False,True,False,False,1,1,0,0
S398,Female,39.0,60.975526254047935,60.0,No,No,50.0,Fail,False,False,False,True,0,0,0,0
S065,Male,39.0,60.45653955392571,93.0,No,Yes,59.0,Fail,False,True,False,False,0,1,0,1
S140,Male,32.0,80.37776111467863,87.0,No,No,69.0,Pass,False,True,False,False,1,1,0,0
S255,Male,18.0,75.11441737312651,59.0,Yes,Yes,50.0,Fail,True,False,False,False,0,1,1,1
S293,Male,28.0,59.316043974706034,55.0,Yes,Yes,50.0,Fail,False,False,True,False,0,1,1,1
S202,Female,37.0,60.25009050266186,77.0,Yes,No,51.0,Fail,False,False,False,True,0,0,1,0
S491,Female,22.0,82.33324595585816,57.0,No,No,50.0,Fail,False,False,True,False,0,0,0,0
S236,Female,28.0,58.33653799966916,51.0,No,No,50.0,Fail,True,False,False,False,0,0,0,0
S364,Female,34.0,79.75244898502103,93.0,No,No,59.0,Fail,False,False,True,False,0,0,0,0
S207,Female,20.0,89.07572408757075,92.0,Yes,Yes,62.0,Pass,True,False,False,False,1,0,1,1
S437,Female,25.0,88.54556885321352,87.0,No,No,61.0,Pass,False,True,False,False,1,0,0,0
S063,Male,34.0,81.04028422110457,93.0,No,No,69.0,Pass,False,True,False,False,1,1,0,0
S290,Female,21.0,56.14053909228669,78.0,Yes,No,50.0,Fail,True,False,False,False,0,0,1,0
S464,Male,36.0,67.21918660221166,69.0,No,No,57.0,Fail,False,False,True,False,0,1,0,0
S201,Male,12.0,99.54647382286952,89.0,No,No,67.0,Pass,False,False,True,False,1,1,0,0
S375,Male,36.0,97.22048627886367,93.0,Yes,Yes,65.0,Pass,False,False,True,False,1,1,1,1
S133,Male,10.0,86.84112376974565,99.0,No,No,57.0,Fail,False,False,False,True,0,1,0,0
S036,Male,12.0,89.59089197348165,53.0,Yes,Yes,50.0,Fail,False,True,False,False,0,1,1,1
S397,Female,37.0,93.05340099873608,81.0,No,Yes,61.0,Pass,True,False,False,False,1,0,0,1
S445,Female,15.0,91.85394953515149,93.0,No,Yes,67.0,Pass,True,False,False,False,1,0,0,1
S160,Female,21.0,95.86978065427658,58.0,Yes,Yes,66.0,Pass,True,False,False,False,1,0,1,1
S346,Male,18.0,74.85059744106245,67.0,No,No,50.0,Fail,True,False,False,False,0,1,0,0
S162,Male,35.0,98.75335814725712,89.0,Yes,No,71.0,Pass,True,False,False,False,1,1,1,0
S122,Male,35.0,78.19825460094182,54.0,No,Yes,57.0,Fail,True,False,False,False,0,1,0,1
S069,Female,35.0,73.0059579491786,74.0,No,Yes,60.0,Pass,False,False,False,True,1,0,0,1
S308,Female,34.0,73.28500611594066,62.0,No,Yes,55.0,Fail,False,False,True,False,0,0,0,1
S142,Male,21.0,74.91238489244701,96.0,No,No,61.0,Pass,False,True,False,False,1,1,0,0
S418,Female,20.0,91.12919379558367,69.0,No,Yes,50.0,Fail,False,False,False,True,0,0,0,1
S080,Female,10.0,61.19245329531603,99.0,No,Yes,53.0,Fail,False,True,False,False,0,0,0,1
S208,Female,14.0,91.3970443588746,94.0,No,Yes,73.0,Pass,False,True,False,False,1,0,0,1
S222,Male,38.0,81.20507720909188,59.0,Yes,No,60.0,Pass,False,False,False,True,1,1,1,0
S307,Female,21.0,96.14801158992424,84.0,Yes,No,65.0,Pass,True,False,False,False,1,0,1,0
S029,Female,31.0,74.90825933229465,89.0,Yes,No,68.0,Pass,False,False,False,True,1,0,1,0
S279,Male,26.0,95.93752611303732,75.0,No,No,61.0,Pass,False,False,True,False,1,1,0,0
S479,Male,15.0,89.5006779395928,67.0,No,Yes,52.0,Fail,False,True,False,False,0,1,0,1
S340,Female,15.0,79.37268021170371,83.0,Yes,No,61.0,Pass,False,True,False,False,1,0,1,0
S177,Male,13.0,88.38897507214193,97.0,No,Yes,59.0,Fail,False,True,False,False,0,1,0,1
S424,Male,29.0,74.87324469899453,82.0,Yes,No,60.0,Pass,False,False,False,True,1,1,1,0
S092,Female,39.0,54.6145293114373,73.0,No,Yes,60.0,Pass,False,True,False,False,1,0,0,1
S400,Male,37.0,88.98793873940154,74.0,Yes,Yes,64.0,Pass,True,False,False,False,1,1,1,1
S097,Female,29.0,68.86429826210363,92.0,No,No,64.0,Pass,False,True,False,False,1,0,0,0
S368,Female,15.0,77.8360792391683,95.0,No,Yes,61.0,Pass,False,False,True,False,1,0,0,1
S289,Male,13.0,95.53430991278566,56.0,No,Yes,60.0,Pass,True,False,False,False,1,1,0,1
S093,Female,24.0,74.05726970281466,53.0,No,No,50.0,Fail,False,False,False,True,0,0,0,0
S399,Female,34.0,98.7273632599435,94.0,No,Yes,66.0,Pass,True,False,False,False,1,0,0,1
S241,Female,30.0,99.88463079619216,98.0,Yes,No,74.0,Pass,False,False,True,False,1,0,1,0
S076,Female,31.0,93.71588024272086,52.0,No,Yes,55.0,Fail,True,False,False,False,0,0,0,1
S207,Female,20.0,89.07572408757075,92.0,Yes,Yes,62.0,Pass,True,False,False,False,1,0,1,1
S468,Male,10.0,79.91430291340774,69.0,Yes,No,50.0,Fail,True,False,False,False,0,1,1,0
S312,Male,13.0,51.64233351217192,78.0,Yes,Yes,50.0,Fail,False,False,False,True,0,1,1,1
S148,Male,34.0,74.3904900404369,83.0,Yes,No,59.0,Fail,False,True,False,False,0,1,1,0
S070,Female,31.0,79.23830529745769,88.0,No,No,57.0,Fail,False,False,False,True,0,0,0,0
S040,Male,22.0,89.23341319721547,62.0,Yes,Yes,50.0,Fail,False,False,False,True,0,1,1,1
S467,Female,18.0,85.24627748444766,60.0,Yes,Yes,52.0,Fail,False,False,True,False,0,0,1,1
S197,Female,29.0,92.53637300082272,55.0,No,No,61.0,Pass,False,False,False,True,1,0,0,0
S276,Female,18.0,86.30477930312003,59.0,Yes,Yes,51.0,Fail,False,True,False,False,0,0,1,1
S227,Male,26.0,69.5741055100751,80.0,Yes,Yes,53.0,Fail,False,False,True,False,0,1,1,1
S235,Female,11.0,84.68588037016693,88.0,No,Yes,67.0,Pass,True,False,False,False,1,0,0,1
S393,Female,16.0,91.53272532826249,95.0,Yes,Yes,64.0,Pass,False,False,False,True,1,0,1,1
S283,Female,34.0,88.5623334259869,96.0,Yes,Yes,72.0,Pass,True,False,False,False,1,0,1,1
S426,Male,27.0,55.32893650643372,82.0,Yes,No,52.0,Fail,False,False,False,True,0,1,1,0
S396,Female,22.0,68.13789473329727,87.0,No,No,54.0,Fail,False,False,False,True,0,0,0,0
S411,Male,22.0,60.90115537470432,61.0,Yes,Yes,50.0,Fail,False,False,False,True,0,1,1,1
S069,Female,35.0,73.0059579491786,74.0,No,Yes,60.0,Pass,False,False,False,True,1,0,0,1
S405,Female,15.0,59.105356941079165,60.0,No,No,50.0,Fail,True,False,False,False,0,0,0,0
S342,Female,23.0,85.7029599894914,98.0,No,No,60.0,Pass,True,False,False,False,1,0,0,0
S205,Female,38.0,86.07982753756386,90.0,Yes,No,72.0,Pass,False,False,True,False,1,0,1,0
S050,Female,23.0,86.31985163251142,83.0,Yes,Yes,55.0,Fail,True,False,False,False,0,0,1,1
S350,Male,11.0,53.775168190194464,76.0,No,Yes,50.0,Fail,False,False,False,True,0,1,0,1
S403,Male,33.0,99.26836561208674,90.0,Yes,Yes,64.0,Pass,False,True,False,False,1,1,1,1
S454,Female,35.0,74.18774709662064,88.0,Yes,No,69.0,Pass,False,False,False,True,1,0,1,0
S025,Female,17.0,87.84995660861144,83.0,No,No,58.0,Fail,False,False,False,True,0,0,0,0
S494,Female,33.0,83.49587322750196,100.0,No,No,71.0,Pass,False,False,False,True,1,0,0,0
S369,Male,37.0,86.04065481552533,64.0,No,No,61.0,Pass,False,True,False,False,1,1,0,0
S144,Female,25.0,96.68459118799372,58.0,Yes,Yes,53.0,Fail,False,True,False,False,0,0,1,1
S273,Female,32.0,56.95580970715309,61.0,Yes,Yes,50.0,Fail,False,True,False,False,0,0,1,1
S421,Female,13.0,74.90453767555029,89.0,Yes,No,50.0,Fail,False,True,False,False,0,0,1,0
S058,Male,11.0,72.96734039730862,88.0,No,No,54.0,Fail,False,False,False,True,0,1,0,0
S359,Male,10.0,70.39922476824223,95.0,No,No,50.0,Fail,False,False,False,True,0,1,0,0
S240,Female,35.0,78.65754246286943,76.0,Yes,Yes,60.0,Pass,False,False,False,True,1,0,1,1
S339,Female,38.0,91.82824066461664,64.0,Yes,Yes,61.0,Pass,False,False,False,True,1,0,1,1
S115,Male,39.0,51.523607636679706,92.0,No,No,64.0,Pass,False,False,True,False,1,1,0,0
S198,Female,33.0,87.2987262774359,73.0,No,Yes,72.0,Pass,False,False,True,False,1,0,0,1
S082,Female,30.0,67.25413139111933,67.0,No,No,50.0,Fail,False,True,False,False,0,0,0,0
S101,Male,37.0,79.86390411277154,73.0,No,Yes,70.0,Pass,False,False,False,True,1,1,0,1
S206,Male,28.0,52.40473219820439,62.0,No,No,50.0,Fail,False,False,False,True,0,1,0,0
S323,Female,23.0,75.75868412034063,52.0,Yes,Yes,50.0,Fail,False,False,True,False,0,0,1,1
S159,Male,14.0,78.799920890283,91.0,No,Yes,61.0,Pass,False,False,False,True,1,1,0,1
S383,Female,22.0,56.13884448313542,73.0,No,No,50.0,Fail,True,False,False,False,0,0,0,0
S339,Female,38.0,91.82824066461664,64.0,Yes,Yes,61.0,Pass,False,False,False,True,1,0,1,1
S475,Male,22.0,55.15468730068724,90.0,Yes,No,51.0,Fail,False,False,True,False,0,1,1,0
S301,Male,35.0,60.27899041878187,83.0,No,No,62.0,Pass,False,False,True,False,1,1,0,0
S329,Female,20.0,59.2231435709428,96.0,No,Yes,64.0,Pass,True,False,False,False,1,0,0,1
S230,Male,38.0,61.45126954623981,51.0,Yes,No,50.0,Fail,False,False,True,False,0,1,1,0
S201,Male,12.0,99.54647382286952,89.0,No,No,67.0,Pass,False,False,True,False,1,1,0,0
S267,Female,39.0,67.12621285892718,81.0,No,Yes,59.0,Fail,False,False,True,False,0,0,0,1
S489,Male,27.0,99.0288400089994,85.0,Yes,Yes,64.0,Pass,False,True,False,False,1,1,1,1
S022,Male,11.0,63.73658985129544,84.0,Yes,Yes,50.0,Fail,False,False,True,False,0,1,1,1
S287,Male,28.0,55.21234830259048,84.0,Yes,Yes,50.0,Fail,False,False,True,False,0,1,1,1
S042,Male,35.0,90.2522333759681,82.0,Yes,Yes,68.0,Pass,False,True,False,False,1,1,1,1
S011,Male,12.0,84.5857198584456,80.0,No,Yes,60.0,Pass,False,True,False,False,1,1,0,1
S087,Female,16.0,67.7995742135993,95.0,Yes,Yes,52.0,Fail,False,True,False,False,0,0,1,1
S231,Female,35.0,77.14246553067045,63.0,Yes,No,57.0,Fail,False,False,True,False,0,0,1,0
S380,Male,39.0,81.66203874554803,97.0,Yes,Yes,66.0,Pass,True,False,False,False,1,1,1,1
S373,Female,31.0,90.3425074481293,56.0,Yes,No,58.0,Fail,False,False,False,True,0,0,1,0
S235,Female,11.0,84.68588037016693,88.0,No,Yes,67.0,Pass,True,False,False,False,1,0,0,1
S375,Male,36.0,97.22048627886367,93.0,Yes,Yes,65.0,Pass,False,False,True,False,1,1,1,1
S342,Female,23.0,85.7029599894914,98.0,No,No,60.0,Pass,True,False,False,False,1,0,0,0
S137,Male,14.0,68.93863129756447,52.0,No,No,50.0,Fail,True,False,False,False,0,1,0,0
S156,Female,23.0,84.84807311832108,74.0,No,Yes,68.0,Pass,False,False,False,True,1,0,0,1
S179,Male,29.0,75.30519781796735,77.0,No,No,61.0,Pass,False,False,True,False,1,1,0,0
S399,Female,34.0,98.7273632599435,94.0,No,Yes,66.0,Pass,True,False,False,False,1,0,0,1
S217,Female,38.0,79.41533378975284,94.0,No,No,63.0,Pass,False,True,False,False,1,0,0,0
S260,Male,25.0,50.61015361590223,64.0,Yes,No,50.0,Fail,True,False,False,False,0,1,1,0
S404,Male,10.0,73.55327263469073,57.0,No,No,50.0,Fail,False,False,False,True,0,1,0,0
S327,Male,32.0,93.0316008945367,78.0,Yes,Yes,77.0,Pass,True,False,False,False,1,1,1,1
S348,Female,36.0,55.14907396656578,93.0,Yes,No,61.0,Pass,False,True,False,False,1,0,1,0
S204,Male,10.0,96.32247117948556,97.0,Yes,No,56.0,Fail,False,False,False,True,0,1,1,0
S117,Male,18.0,67.70733353965628,75.0,Yes,Yes,50.0,Fail,True,False,False,False,0,1,1,1
S310,Female,36.0,95.92273624696506,88.0,Yes,No,64.0,Pass,False,True,False,False,1,0,1,0
S114,Female,30.0,87.48081160042938,59.0,No,Yes,50.0,Fail,False,False,True,False,0,0,0,1
S200,Male,27.0,96.64690335499772,65.0,No,No,63.0,Pass,True,False,False,False,1,1,0,0
S456,Male,35.0,76.99213894540966,81.0,No,No,65.0,Pass,False,False,False,True,1,1,0,0
S010,Female,35.0,53.76795301762312,67.0,Yes,Yes,50.0,Fail,False,False,True,False,0,0,1,1
S184,Male,10.0,72.71339861095498,89.0,No,Yes,54.0,Fail,False,True,False,False,0,1,0,1
S153,Male,24.0,92.11570176490908,78.0,No,No,53.0,Fail,False,False,True,False,0,1,0,0
S130,Female,17.0,82.4411420145788,98.0,No,Yes,62.0,Pass,False,False,False,True,1,0,0,1
S099,Female,22.0,93.41505535177934,88.0,No,No,63.0,Pass,False,True,False,False,1,0,0,0
S196,Female,36.0,55.33496250567181,82.0,No,No,56.0,Fail,False,False,True,False,0,0,0,0
S422,Female,12.0,53.35876999578551,81.0,Yes,Yes,50.0,Fail,True,False,False,False,0,0,1,1
S401,Female,26.0,55.71189629601984,82.0,No,Yes,52.0,Fail,True,False,False,False,0,0,0,1
S195,Male,37.0,89.71447249832312,94.0,Yes,Yes,66.0,Pass,False,False,True,False,1,1,1,1
S337,Male,21.0,81.24879935255261,50.0,Yes,Yes,55.0,Fail,True,False,False,False,0,1,1,1
S318,Male,22.0,65.57365855663787,63.0,Yes,No,50.0,Fail,False,True,False,False,0,1,1,0
S007,Male,34.0,51.84109338179957,99.0,Yes,No,54.0,Fail,False,False,False,True,0,1,1,0
S490,Male,36.0,95.16819063180124,94.0,No,Yes,64.0,Pass,False,False,True,False,1,1,0,1
S078,Female,37.0,98.65551746350522,63.0,No,Yes,70.0,Pass,False,False,True,False,1,0,0,1
S420,Female,14.0,90.75272142012284,59.0,Yes,Yes,55.0,Fail,True,False,False,False,0,0,1,1
S081,Male,17.0,91.08953184222246,53.0,No,Yes,53.0,Fail,True,False,False,False,0,1,0,1
S378,Male,28.0,66.19950305533999,58.0,Yes,Yes,53.0,Fail,False,True,False,False,0,1,1,1
S242,Male,27.0,87.62015600194113,90.0,No,Yes,52.0,Fail,False,False,False,True,0,1,0,1
S102,Female,19.0,99.31284979334076,60.0,No,No,60.0,Pass,True,False,False,False,1,0,0,0
S280,Female,39.0,89.50423185620434,67.0,No,Yes,64.0,Pass,False,False,False,True,1,0,0,1
S437,Female,25.0,88.54556885321352,87.0,No,No,61.0,Pass,False,True,False,False,1,0,0,0
S061,Male,31.0,53.311798892593295,98.0,No,No,67.0,Pass,True,False,False,False,1,1,0,0
S110,Male,32.0,57.38695459531134,78.0,No,Yes,50.0,Fail,False,False,False,True,0,1,0,1
S044,Female,34.0,80.8631856048646,94.0,No,Yes,65.0,Pass,False,False,False,True,1,0,0,1
S294,Female,21.0,91.8745394501246,96.0,Yes,Yes,65.0,Pass,False,False,True,False,1,0,1,1
S360,Male,31.0,77.58612976296699,99.0,Yes,No,66.0,Pass,False,False,True,False,1,1,1,0
S179,Male,29.0,75.30519781796735,77.0,No,No,61.0,Pass,False,False,True,False,1,1,0,0
S309,Female,29.0,74.04184890445367,90.0,No,Yes,62.0,Pass,False,False,True,False,1,0,0,1
S371,Female,38.0,99.43643909777214,79.0,Yes,Yes,68.0,Pass,False,False,True,False,1,0,1,1
S193,Male,11.0,73.65831005259462,76.0,Yes,Yes,54.0,Fail,False,True,False,False,0,1,1,1
S393,Female,16.0,91.53272532826249,95.0,Yes,Yes,64.0,Pass,False,False,False,True,1,0,1,1
S388,Male,29.0,81.23806355216256,57.0,Yes,Yes,50.0,Fail,False,False,False,True,0,1,1,1
S123,Female,10.0,92.03549929389656,54.0,No,Yes,50.0,Fail,False,True,False,False,0,0,0,1
S357,Female,25.0,91.98944297282851,64.0,Yes,Yes,57.0,Fail,True,False,False,False,0,0,1,1
S339,Female,38.0,91.82824066461664,64.0,Yes,Yes,61.0,Pass,False,False,False,True,1,0,1,1
S328,Male,38.0,76.75348594668293,70.0,No,No,64.0,Pass,True,False,False,False,1,1,0,0
S310,Female,36.0,95.92273624696506,88.0,Yes,No,64.0,Pass,False,True,False,False,1,0,1,0
S360,Male,31.0,77.58612976296699,99.0,Yes,No,66.0,Pass,False,False,True,False,1,1,1,0
S256,Male,33.0,76.99303185564183,90.0,Yes,Yes,69.0,Pass,False,True,False,False,1,1,1,1
S292,Male,18.0,58.27602551836449,82.0,Yes,Yes,50.0,Fail,False,True,False,False,0,1,1,1
S002,Female,30.0,87.4789149988036,56.0,No,Yes,50.0,Fail,False,False,False,True,0,0,0,1
S095,Female,32.0,75.58285067736307,86.0,Yes,Yes,63.0,Pass,False,False,True,False,1,0,1,1
S243,Female,22.0,85.34902306217296,66.0,No,Yes,50.0,Fail,False,True,False,False,0,0,0,1
S167,Female,13.0,76.75183660224553,73.0,No,No,50.0,Fail,True,False,False,False,0,0,0,0
S471,Male,22.0,53.888267203947855,55.0,No,Yes,50.0,Fail,False,False,True,False,0,1,0,1
S311,Female,30.0,79.35341120682835,64.0,Yes,Yes,50.0,Fail,False,False,True,False,0,0,1,1
S425,Female,34.0,86.01012908161479,51.0,No,No,58.0,Fail,False,False,False,True,0,0,0,0
S462,Male,18.0,81.16662754524954,99.0,No,No,56.0,Fail,True,False,False,False,0,1,0,0
S168,Male,10.0,73.8309742063206,64.0,No,No,50.0,Fail,False,True,False,False,0,1,0,0
S306,Male,12.0,93.17590703064783,66.0,No,No,52.0,Fail,False,False,False,True,0,1,0,0
S394,Female,10.0,67.25960724406377,96.0,No,Yes,64.0,Pass,False,False,True,False,1,0,0,1
S220,Male,23.0,85.6891227427663,72.0,Yes,No,55.0,Fail,False,False,False,True,0,1,1,0
S400,Male,37.0,88.98793873940154,74.0,Yes,Yes,64.0,Pass,True,False,False,False,1,1,1,1
S353,Male,14.0,94.87152049094422,74.0,Yes,Yes,63.0,Pass,False,False,True,False,1,1,1,1
S017,Female,31.0,87.85406010212279,88.0,Yes,No,65.0,Pass,False,False,True,False,1,0,1,0
S250,Male,38.0,55.14580153720725,97.0,Yes,Yes,58.0,Fail,False,True,False,False,0,1,1,1
S347,Male,27.0,88.26781405331204,64.0,Yes,Yes,67.0,Pass,False,False,False,True,1,1,1,1
S275,Male,12.0,62.80077659268311,66.0,Yes,Yes,50.0,Fail,False,True,False,False,0,1,1,1
S032,Male,38.0,65.38886198855246,93.0,No,No,67.0,Pass,False,False,False,True,1,1,0,0
S317,Male,16.0,51.69395801232975,96.0,Yes,Yes,51.0,Fail,False,False,False,True,0,1,1,1
S182,Male,28.0,79.69415487789495,66.0,No,No,50.0,Fail,True,False,False,False,0,1,0,0
S128,Male,25.0,73.69849707152781,84.0,Yes,Yes,57.0,Fail,False,True,False,False,0,1,1,1
S075,Male,24.0,70.5830607178764,98.0,Yes,No,57.0,Fail,True,False,False,False,0,1,1,0
S245,Male,38.0,57.15639927742348,80.0,Yes,Yes,54.0,Fail,False,False,True,False,0,1,1,1
S061,Male,31.0,53.311798892593295,98.0,No,No,67.0,Pass,True,False,False,False,1,1,0,0
S131,Female,22.0,73.97910508771251,91.0,No,No,57.0,Fail,False,False,False,True,0,0,0,0
S200,Male,27.0,96.64690335499772,65.0,No,No,63.0,Pass,True,False,False,False,1,1,0,0
S107,Female,28.0,76.5632876986767,53.0,Yes,No,50.0,Fail,False,True,False,False,0,0,1,0
S062,Male,28.0,52.293063320231646,78.0,Yes,No,50.0,Fail,False,False,False,True,0,1,1,0
S328,Male,38.0,76.75348594668293,70.0,No,No,64.0,Pass,True,False,False,False,1,1,0,0
S280,Female,39.0,89.50423185620434,67.0,No,Yes,64.0,Pass,False,False,False,True,1,0,0,1
S211,Male,10.0,91.25663383463989,85.0,Yes,Yes,63.0,Pass,True,False,False,False,1,1,1,1
S101,Male,37.0,79.86390411277154,73.0,No,Yes,70.0,Pass,False,False,False,True,1,1,0,1
S161,Male,25.0,50.26500031988027,64.0,No,No,50.0,Fail,True,False,False,False,0,1,0,0
S244,Male,20.0,88.92859695253756,89.0,No,Yes,61.0,Pass,False,False,False,True,1,1,0,1
S486,Female,19.0,87.95179227694248,100.0,No,No,64.0,Pass,False,True,False,False,1,0,0,0
S336,Female,35.0,73.41159142206897,52.0,Yes,No,50.0,Fail,False,False,False,True,0,0,1,0
S032,Male,38.0,65.38886198855246,93.0,No,No,67.0,Pass,False,False,False,True,1,1,0,0
S266,Female,32.0,97.95373972820138,69.0,Yes,No,58.0,Fail,True,False,False,False,0,0,1,0
S032,Male,38.0,65.38886198855246,93.0,No,No,67.0,Pass,False,False,False,True,1,1,0,0
S409,Female,21.0,84.94229265804522,90.0,Yes,Yes,63.0,Pass,False,False,True,False,1,0,1,1
S399,Female,34.0,98.7273632599435,94.0,No,Yes,66.0,Pass,True,False,False,False,1,0,0,1
S307,Female,21.0,96.14801158992424,84.0,Yes,No,65.0,Pass,True,False,False,False,1,0,1,0
S244,Male,20.0,88.92859695253756,89.0,No,Yes,61.0,Pass,False,False,False,True,1,1,0,1
S169,Male,39.0,91.92912793513123,87.0,No,No,73.0,Pass,False,True,False,False,1,1,0,0
S353,Male,14.0,94.87152049094422,74.0,Yes,Yes,63.0,Pass,False,False,True,False,1,1,1,1
S367,Female,13.0,94.37302412567516,69.0,No,Yes,62.0,Pass,False,False,False,True,1,0,0,1
S129,Female,34.0,67.75521516396523,69.0,Yes,Yes,52.0,Fail,False,True,False,False,0,0,1,1
S485,Male,11.0,81.94746926671309,94.0,Yes,No,53.0,Fail,False,True,False,False,0,1,1,0
S037,Female,27.0,79.4977948568818,78.0,Yes,No,59.0,Fail,False,False,True,False,0,0,1,0
S100,Male,27.0,54.225850384034096,95.0,No,Yes,56.0,Fail,False,True,False,False,0,1,0,1
S132,Male,30.0,79.20997423570847,84.0,No,Yes,65.0,Pass,False,False,True,False,1,1,0,1
S054,Female,28.0,64.89797257709752,67.0,Yes,No,51.0,Fail,False,False,True,False,0,0,1,0
S374,Female,16.0,98.13246592774374,66.0,No,No,51.0,Fail,False,False,True,False,0,0,0,0
S367,Female,13.0,94.37302412567516,69.0,No,Yes,62.0,Pass,False,False,False,True,1,0,0,1
S063,Male,34.0,81.04028422110457,93.0,No,No,69.0,Pass,False,True,False,False,1,1,0,0
S269,Male,21.0,71.17984312102415,99.0,Yes,No,59.0,Fail,False,True,False,False,0,1,1,0
S210,Male,12.0,89.97685654597578,91.0,No,No,57.0,Fail,False,False,False,True,0,1,0,0
S385,Male,37.0,82.14627818071267,60.0,No,No,64.0,Pass,False,False,False,True,1,1,0,0
S105,Female,26.0,61.80582665587022,74.0,No,No,50.0,Fail,False,True,False,False,0,0,0,0
S497,Male,10.0,99.96767497829174,55.0,No,No,59.0,Fail,False,True,False,False,0,1,0,0
S465,Female,31.0,67.57700805671094,96.0,No,Yes,62.0,Pass,False,False,False,True,1,0,0,1
S170,Female,39.0,60.25387800747296,57.0,Yes,Yes,50.0,Fail,False,False,True,False,0,0,1,1
S199,Male,21.0,70.42591464679585,68.0,No,No,50.0,Fail,False,False,True,False,0,1,0,0
S183,Female,35.0,68.46152407549481,99.0,Yes,No,67.0,Pass,False,False,False,True,1,0,1,0
S142,Male,21.0,74.91238489244701,96.0,No,No,61.0,Pass,False,True,False,False,1,1,0,0
S215,Male,20.0,95.3933065231258,54.0,No,Yes,54.0,Fail,False,False,False,True,0,1,0,1
S066,Female,38.0,78.98249672358692,96.0,No,No,71.0,Pass,False,False,True,False,1,0,0,0
S347,Male,27.0,88.26781405331204,64.0,Yes,Yes,67.0,Pass,False,False,False,True,1,1,1,1
S437,Female,25.0,88.54556885321352,87.0,No,No,61.0,Pass,False,True,False,False,1,0,0,0
S447,Male,33.0,95.77568386459568,89.0,Yes,No,69.0,Pass,False,False,True,False,1,1,1,0
S281,Female,29.0,51.15113023938188,99.0,No,No,50.0,Fail,True,False,False,False,0,0,0,0
S360,Male,31.0,77.58612976296699,99.0,Yes,No,66.0,Pass,False,False,True,False,1,1,1,0
S355,Female,28.0,90.03748857430605,78.0,Yes,No,67.0,Pass,False,False,True,False,1,0,1,0
S235,Female,11.0,84.68588037016693,88.0,No,Yes,67.0,Pass,True,False,False,False,1,0,0,1
S370,Male,28.0,90.26574836789526,74.0,No,Yes,64.0,Pass,False,False,False,True,1,1,0,1
S427,Male,24.0,57.00092693302245,82.0,Yes,Yes,53.0,Fail,True,False,False,False,0,1,1,1
S205,Female,38.0,86.07982753756386,90.0,Yes,No,72.0,Pass,False,False,True,False,1,0,1,0
S310,Female,36.0,95.92273624696506,88.0,Yes,No,64.0,Pass,False,True,False,False,1,0,1,0
S228,Female,35.0,76.5928739844087,67.0,No,No,62.0,Pass,True,False,False,False,1,0,0,0
S352,Male,38.0,63.61509273601497,95.0,Yes,No,58.0,Fail,False,False,True,False,0,1,1,0
S297,Female,37.0,61.36978104385563,100.0,Yes,No,66.0,Pass,False,True,False,False,1,0,1,0
S417,Male,30.0,84.15919282227406,77.0,Yes,No,61.0,Pass,False,False,True,False,1,1,1,0
S272,Female,22.0,95.59262044214825,66.0,Yes,No,50.0,Fail,False,False,False,True,0,0,1,0
S443,Male,25.0,88.54929627677393,83.0,No,No,56.0,Fail,False,False,False,True,0,1,0,0
S313,Female,30.0,95.63747314395644,78.0,Yes,No,61.0,Pass,False,True,False,False,1,0,1,0
S500,Female,26.0,65.64274282527938,71.0,Yes,No,52.0,Fail,False,True,False,False,0,0,1,0
S409,Female,21.0,84.94229265804522,90.0,Yes,Yes,63.0,Pass,False,False,True,False,1,0,1,1
S235,Female,11.0,84.68588037016693,88.0,No,Yes,67.0,Pass,True,False,False,False,1,0,0,1
S303,Male,25.0,80.18607658650694,83.0,No,No,67.0,Pass,False,True,False,False,1,1,0,0
S228,Female,35.0,76.5928739844087,67.0,No,No,62.0,Pass,True,False,False,False,1,0,0,0
S363,Male,16.0,75.2753939553017,78.0,No,Yes,57.0,Fail,False,True,False,False,0,1,0,1
S064,Male,35.0,67.37067041127071,65.0,Yes,Yes,56.0,Fail,False,False,True,False,0,1,1,1
S453,Female,13.0,56.75006387106035,58.0,No,Yes,50.0,Fail,True,False,False,False,0,0,0,1
S102,Female,19.0,99.31284979334076,60.0,No,No,60.0,Pass,True,False,False,False,1,0,0,0
S005,Male,12.0,78.45407345828738,97.0,No,No,53.0,Fail,False,False,True,False,0,1,0,0
S103,Female,39.0,76.82953229936663,62.0,Yes,Yes,68.0,Pass,False,False,True,False,1,0,1,1
S296,Female,16.0,65.57221320228206,81.0,No,Yes,50.0,Fail,False,False,True,False,0,0,0,1
S320,Female,19.0,63.87935863147091,71.0,No,No,50.0,Fail,False,False,False,True,0,0,0,0
S343,Male,22.0,76.38238650723929,74.0,Yes,No,50.0,Fail,False,True,False,False,0,1,1,0
S188,Male,13.0,84.22857739399166,100.0,Yes,Yes,65.0,Pass,False,False,True,False,1,1,1,1
S171,Female,14.0,98.3997033252117,54.0,Yes,No,55.0,Fail,False,False,True,False,0,0,1,0
S288,Male,26.0,92.02198159902116,61.0,No,No,59.0,Fail,True,False,False,False,0,1,0,0
S174,Female,19.0,86.81235918492442,67.0,No,Yes,54.0,Fail,False,True,False,False,0,0,0,1
S456,Male,35.0,76.99213894540966,81.0,No,No,65.0,Pass,False,False,False,True,1,1,0,0
S380,Male,39.0,81.66203874554803,97.0,Yes,Yes,66.0,Pass,True,False,False,False,1,1,1,1
S203,Male,10.0,68.96142924819003,82.0,No,No,58.0,Fail,True,False,False,False,0,1,0,0
S339,Female,38.0,91.82824066461664,64.0,Yes,Yes,61.0,Pass,False,False,False,True,1,0,1,1
S329,Female,20.0,59.2231435709428,96.0,No,Yes,64.0,Pass,True,False,False,False,1,0,0,1
S334,Male,18.0,89.98910110371347,68.0,No,No,56.0,Fail,True,False,False,False,0,1,0,0
S098,Female,25.0,50.12975121918232,55.0,Yes,Yes,50.0,Fail,False,False,True,False,0,0,1,1
S135,Male,38.0,79.32677173303796,66.0,Yes,Yes,57.0,Fail,False,True,False,False,0,1,1,1
S355,Female,28.0,90.03748857430605,78.0,Yes,No,67.0,Pass,False,False,True,False,1,0,1,0
S212,Male,10.0,59.320249339407205,76.0,No,Yes,50.0,Fail,True,False,False,False,0,1,0,1
S303,Male,25.0,80.18607658650694,83.0,No,No,67.0,Pass,False,True,False,False,1,1,0,0
S172,Male,32.0,85.54762394183741,97.0,No,Yes,64.0,Pass,True,False,False,False,1,1,0,1
S134,Male,25.0,77.88711329752186,67.0,No,Yes,50.0,Fail,False,True,False,False,0,1,0,1
S483,Male,24.0,97.90853965019652,62.0,Yes,Yes,53.0,Fail,False,True,False,False,0,1,1,1
S176,Female,14.0,85.36150478222223,86.0,Yes,No,57.0,Fail,False,True,False,False,0,0,1,0
S307,Female,21.0,96.14801158992424,84.0,Yes,No,65.0,Pass,True,False,False,False,1,0,1,0
S004,Male,10.0,91.45821103532572,100.0,No,No,59.0,Fail,False,True,False,False,0,1,0,0
S109,Female,35.0,53.11706812556207,69.0,Yes,No,54.0,Fail,False,False,False,True,0,0,1,0
S198,Female,33.0,87.2987262774359,73.0,No,Yes,72.0,Pass,False,False,True,False,1,0,0,1
S407,Female,15.0,75.62288279409609,100.0,No,Yes,54.0,Fail,True,False,False,False,0,0,0,1
S183,Female,35.0,68.46152407549481,99.0,Yes,No,67.0,Pass,False,False,False,True,1,0,1,0
S472,Female,37.0,50.11696953128892,71.0,Yes,No,55.0,Fail,False,False,False,True,0,0,1,0
S442,Female,19.0,54.5168480288804,64.0,No,No,50.0,Fail,True,False,False,False,0,0,0,0
S149,Male,38.0,92.5408758918073,60.0,Yes,Yes,64.0,Pass,False,False,False,True,1,1,1,1
S118,Female,21.0,69.85819162520413,90.0,Yes,No,50.0,Fail,False,False,True,False,0,0,1,0
S358,Female,22.0,93.34968800057618,76.0,No,No,60.0,Pass,True,False,False,False,1,0,0,0
S492,Male,14.0,84.65876057284623,78.0,Yes,No,50.0,Fail,False,False,False,True,0,1,1,0
S301,Male,35.0,60.27899041878187,83.0,No,No,62.0,Pass,False,False,True,False,1,1,0,0
S473,Male,25.0,98.38496941035432,75.0,Yes,No,57.0,Fail,True,False,False,False,0,1,1,0
S307,Female,21.0,96.14801158992424,84.0,Yes,No,65.0,Pass,True,False,False,False,1,0,1,0
S046,Female,22.0,80.40439247709426,93.0,Yes,No,55.0,Fail,True,False,False,False,0,0,1,0
