Student_ID,Gender,Study_Hours_per_Week,Attendance_Rate,Past_Exam_Scores,Parental_Education_Level,Internet_Access_at_Home,Extracurricular_Activities,Final_Exam_Score,Pass_Fail
S147,Male,56.5,68.26784098370288,86,High School,Yes,Yes,63,Pass
S136,Male,16.0,122.43543934453606,73,PhD,No,No,50,Fail
S209,Female,21.0,87.52509623826568,26,PhD,Yes,No,55,Fail
S458,Female,27.0,92.07648301550216,99,Bachelors,No,No,82,Pass
S078,Female,37.0,98.65551746350522,63,Masters,No,Yes,70,Pass
S417,Male,30.0,84.15919282227406,77,Masters,Yes,No,61,Pass
S302,Male,24.0,89.38949443572463,95,High School,Yes,Yes,61,Pass
S009,Male,31.0,50.68359824134986,78,Masters,No,No,50,Fail
S044,Female,34.0,80.8631856048646,94,PhD,No,Yes,65,Pass
S331,Male,27.0,65.49684631343055,86,High School,Yes,No,55,Fail
S451,Female,35.0,69.83246865260271,58,High School,Yes,Yes,57,Fail
S059,Male,11.0,92.10457075093548,95,Masters,Yes,No,62,Pass
S315,Male,25.0,78.88159770457736,81,High School,No,No,59,Fail
S295,Female,18.0,66.60732063274695,64,High School,No,No,50,Fail
S141,Female,12.0,62.21765777323273,62,Masters,Yes,No,50,Fail
S274,Female,34.0,55.03973015079433,71,High School,Yes,Yes,50,Fail
S327,Male,32.0,93.0316008945367,78,Bachelors,Yes,Yes,77,Pass
S413,Female,24.0,71.08519672766408,81,Masters,Yes,Yes,56,Fail
S452,Female,37.0,97.70434682698166,55,High School,Yes,Yes,58,Fail
S386,Female,39.0,85.19730675692547,62,PhD,Yes,No,57,Fail
S458,Female,27.0,92.07648301550216,99,Bachelors,No,No,65,Pass
S079,Male,14.0,80.09676977704801,79,High School,No,Yes,55,Fail
S375,Male,36.0,97.22048627886367,93,Masters,Yes,Yes,65,Pass
S384,Male,27.0,93.82220379376469,57,High School,Yes,No,57,Fail
S207,Female,20.0,89.07572408757075,92,Bachelors,Yes,Yes,62,Pass
S071,Female,26.0,70.01502444551407,69,Bachelors,No,No,50,Fail
S489,Male,27.0,99.0288400089994,85,High School,Yes,Yes,64,Pass
S066,Female,38.0,78.98249672358692,96,Masters,No,No,71,Pass
S018,Female,32.0,68.89252746378932,66,PhD,Yes,Yes,58,Fail
S015,Female,27.0,79.25747661627359,67,Masters,Yes,Yes,50,Fail
S155,Male,39.0,50.91212407141805,52,Bachelors,No,Yes,50,Fail
S159,Male,14.0,78.799920890283,91,PhD,No,Yes,61,Pass
S368,Female,15.0,77.8360792391683,95,Masters,No,Yes,61,Pass
S104,Female,28.0,96.20208795537168,83,High School,No,Yes,67,Pass
S329,Female,20.0,59.2231435709428,96,Bachelors,No,Yes,64,Pass
S397,Female,37.0,93.05340099873608,81,Bachelors,No,Yes,61,Pass
S097,Female,29.0,68.86429826210363,92,High School,No,No,64,Pass
S112,Male,14.0,84.35827527016656,94,High School,Yes,Yes,59,Fail
S370,Male,28.0,90.26574836789526,74,PhD,No,Yes,64,Pass
S463,Female,13.0,73.71186543501848,77,PhD,Yes,Yes,55,Fail
S060,Male,32.0,88.44588706576988,78,High School,No,Yes,56,Fail
S041,Male,37.0,81.96806784871211,67,Bachelors,No,Yes,56,Fail
S097,Female,29.0,68.86429826210363,92,High School,No,No,64,Pass
S216,Male,21.0,65.80982911482474,92,Bachelors,Yes,No,65,Pass
S430,Female,23.0,86.60922892295312,79,High School,Yes,No,55,Fail
S377,Female,35.0,70.3196154136761,85,PhD,No,No,59,Fail
S187,Female,22.0,60.08652311651179,78,Masters,No,Yes,50,Fail
S233,Female,35.0,66.64078929562422,78,Masters,Yes,Yes,54,Fail
S166,Male,16.0,85.92286354182768,83,PhD,Yes,No,55,Fail
S207,Female,20.0,89.07572408757075,92,Bachelors,Yes,Yes,62,Pass
S419,Female,37.0,76.48308393275406,82,High School,No,Yes,63,Pass
S033,Female,19.0,90.81928676065311,88,PhD,Yes,Yes,56,Fail
S185,Male,33.0,77.43015589690766,94,Bachelors,Yes,Yes,58,Fail
S057,Female,37.0,89.82358878369386,84,High School,No,Yes,68,Pass
S372,Female,21.0,80.15987010884898,63,High School,Yes,No,50,Fail
S395,Male,12.0,88.69172616006702,80,PhD,No,Yes,50,Fail
S211,Male,10.0,91.25663383463989,85,Bachelors,Yes,Yes,63,Pass
S361,Female,29.0,62.69442820216521,56,Masters,Yes,Yes,54,Fail
S382,Female,22.0,92.40640477334418,51,Bachelors,Yes,No,53,Fail
S389,Male,37.0,66.79329285749175,70,Bachelors,No,Yes,55,Fail
S387,Male,35.0,95.5312001770152,66,High School,Yes,No,65,Pass
S380,Male,39.0,81.66203874554803,97,Bachelors,Yes,Yes,66,Pass
S020,Male,36.0,60.25226642532625,80,Bachelors,No,No,50,Fail
S445,Female,15.0,91.85394953515149,93,Bachelors,No,Yes,67,Pass
S380,Male,39.0,81.66203874554803,97,Bachelors,Yes,Yes,66,Pass
S099,Female,22.0,93.41505535177934,88,High School,No,No,63,Pass
S448,Female,37.0,86.07664305609528,60,Bachelors,Yes,No,51,Fail
S408,Female,35.0,87.08434721143328,73,Masters,No,Yes,60,Pass
S089,Female,15.0,56.43741991498219,58,Bachelors,Yes,Yes,50,Fail
S049,Female,17.0,54.55010455256652,91,PhD,No,No,50,Fail
S194,Male,26.0,80.30509405279193,62,High School,No,No,56,Fail
S121,Female,35.0,59.1141939237979,55,PhD,No,No,57,Fail
S362,Male,26.0,59.80565498467264,52,High School,No,Yes,50,Fail
S322,Male,16.0,60.634039217061314,76,Bachelors,No,No,50,Fail
S499,Male,24.0,73.66050590406667,68,High School,Yes,No,57,Fail
S251,Female,34.0,76.82406757422973,55,High School,Yes,No,50,Fail
S314,Male,32.0,62.4113221378576,60,High School,No,Yes,50,Fail
S200,Male,27.0,96.64690335499772,65,Bachelors,No,No,63,Pass
S399,Female,34.0,98.7273632599435,94,Bachelors,No,Yes,66,Pass
S072,Female,29.0,84.88337868484659,54,Masters,Yes,Yes,50,Fail
S162,Male,35.0,98.75335814725712,89,Bachelors,Yes,No,71,Pass
S440,Male,20.0,97.93135886566102,95,Bachelors,No,Yes,61,Pass
S139,Male,38.0,94.98236985725062,84,PhD,Yes,No,71,Pass
S449,Male,30.0,80.52023335039789,52,PhD,Yes,No,59,Fail
S108,Female,37.0,86.02580306957324,57,PhD,No,No,60,Pass
S476,Female,23.0,65.72982784047055,91,Bachelors,No,No,58,Fail
S068,Male,35.0,76.8631708357035,79,PhD,Yes,Yes,57,Fail
S178,Male,11.0,54.36450897948377,62,High School,No,Yes,50,Fail
S406,Female,30.0,74.2389183575173,71,High School,Yes,Yes,60,Pass
S340,Female,15.0,79.37268021170371,83,High School,Yes,No,61,Pass
S368,Female,15.0,77.8360792391683,95,Masters,No,Yes,61,Pass
S370,Male,28.0,90.26574836789526,74,PhD,No,Yes,64,Pass
S379,Female,16.0,54.346250747517466,87,High School,No,No,50,Fail
S246,Female,33.0,60.22722965847316,83,PhD,No,No,56,Fail
S164,Female,25.0,86.14480483108878,54,Masters,No,Yes,50,Fail
S008,Male,19.0,56.69260594003166,72,Bachelors,Yes,Yes,50,Fail
S051,Male,25.0,77.37231534495558,79,Masters,No,No,57,Fail
S142,Male,21.0,74.91238489244701,96,High School,No,No,61,Pass
S394,Female,10.0,67.25960724406377,96,Masters,No,Yes,64,Pass
S045,Female,13.0,99.02313625461888,91,PhD,Yes,Yes,55,Fail
S013,Male,23.0,87.49553747349859,88,Bachelors,Yes,No,57,Fail
S085,Male,21.0,77.43576546037043,97,Bachelors,Yes,No,52,Fail
S300,Female,28.0,87.21248259216443,75,Bachelors,No,No,65,Pass
S438,Female,32.0,71.10180297753436,88,Masters,Yes,Yes,51,Fail
S439,Male,34.0,67.69356882806247,75,Bachelors,No,No,56,Fail
S012,Male,17.0,76.71731375147316,79,High School,No,No,50,Fail
S366,Male,13.0,78.47217588817502,52,Masters,No,Yes,50,Fail
S380,Male,39.0,81.66203874554803,97,Bachelors,Yes,Yes,66,Pass
S180,Male,19.0,96.60071711284672,54,Bachelors,No,No,52,Fail
S486,Female,19.0,87.95179227694248,100,High School,No,No,64,Pass
S431,Male,24.0,62.53653302807989,82,PhD,Yes,Yes,52,Fail
S160,Female,21.0,95.86978065427658,58,Bachelors,Yes,Yes,66,Pass
S353,Male,14.0,94.87152049094422,74,Masters,Yes,Yes,63,Pass
S265,Male,33.0,91.33994139045392,53,PhD,No,No,50,Fail
S152,Male,14.0,52.78267446784877,77,PhD,No,Yes,50,Fail
S147,Male,31.0,68.26784098370288,86,High School,Yes,Yes,63,Pass
S259,Female,12.0,88.59409902991226,77,High School,Yes,Yes,50,Fail
S429,Male,26.0,63.32491966854411,62,Bachelors,Yes,Yes,50,Fail
S014,Male,33.0,95.65828761288212,84,Masters,Yes,Yes,61,Pass
S159,Male,14.0,78.799920890283,91,PhD,No,Yes,61,Pass
S482,Female,14.0,54.33526059310918,61,Bachelors,No,Yes,50,Fail
S297,Female,37.0,61.36978104385563,100,High School,Yes,No,66,Pass
S055,Male,32.0,76.18011380075056,81,Bachelors,No,No,56,Fail
S207,Female,20.0,89.07572408757075,92,Bachelors,Yes,Yes,62,Pass
S280,Female,39.0,89.50423185620434,67,PhD,No,Yes,64,Pass
S034,Female,32.0,98.39868827199116,64,PhD,Yes,No,67,Pass
S494,Female,33.0,83.49587322750196,100,PhD,No,No,71,Pass
S163,Female,35.0,74.53743896293922,74,High School,Yes,Yes,57,Fail
S433,Male,30.0,74.71369250691357,75,High School,Yes,No,53,Fail
S028,Female,20.0,51.109237101515085,92,PhD,Yes,Yes,51,Fail
S328,Male,38.0,76.75348594668293,70,Bachelors,No,No,64,Pass
S355,Female,28.0,90.03748857430605,78,Masters,Yes,No,67,Pass
S225,Female,12.0,78.87431354530628,79,Masters,No,No,51,Fail
S160,Female,21.0,95.86978065427658,58,Bachelors,Yes,Yes,66,Pass
S213,Male,17.0,61.78458730324999,87,PhD,No,Yes,57,Fail
S435,Female,31.0,91.9053481589148,88,Masters,Yes,No,68,Pass
S271,Female,32.0,80.74751315763272,76,High School,Yes,No,52,Fail
S365,Male,22.0,66.96356229480955,73,Masters,No,No,61,Pass
S186,Male,14.0,77.44609899444886,81,PhD,No,No,57,Fail
S284,Male,31.0,68.7217684860211,78,Bachelors,No,Yes,53,Fail
S019,Female,11.0,62.05424161648159,63,High School,No,No,52,Fail
S280,Female,39.0,89.50423185620434,67,PhD,No,Yes,64,Pass
S143,Female,35.0,66.5174240640457,74,Masters,Yes,No,59,Fail
S299,Male,29.0,68.96528491927744,72,Bachelors,No,Yes,50,Fail
S090,Female,22.0,66.50497566550777,64,PhD,No,No,50,Fail
S214,Male,19.0,81.68792818600886,56,Masters,No,No,50,Fail
S369,Male,37.0,86.04065481552533,64,High School,No,No,61,Pass
S375,Male,36.0,97.22048627886367,93,Masters,Yes,Yes,65,Pass
S402,Female,34.0,78.28883099832802,87,High School,Yes,Yes,65,Pass
S344,Female,17.0,76.72279456286235,73,PhD,Yes,No,50,Fail
S480,Female,27.0,84.52801162228204,61,Masters,No,No,52,Fail
S279,Male,26.0,95.93752611303732,75,Masters,No,No,61,Pass
S262,Female,27.0,78.27541736614869,86,PhD,No,Yes,59,Fail
S086,Male,14.0,76.72117518662616,50,PhD,Yes,Yes,50,Fail
S061,Male,31.0,53.311798892593295,98,Bachelors,No,No,67,Pass
S305,Female,14.0,70.72522921018138,53,High School,Yes,No,50,Fail
S414,Male,30.0,56.61381055626652,64,High School,No,No,52,Fail
S228,Female,35.0,76.5928739844087,67,Bachelors,No,No,62,Pass
S335,Female,19.0,67.46934995246664,54,PhD,No,No,50,Fail
S074,Female,15.0,84.82507331135395,79,PhD,No,Yes,57,Fail
S399,Female,34.0,98.7273632599435,94,Bachelors,No,Yes,66,Pass
S216,Male,21.0,65.80982911482474,92,Bachelors,Yes,No,65,Pass
S459,Male,37.0,92.32039246572786,61,Masters,No,No,61,Pass
S493,Male,32.0,52.5797903329355,81,Masters,No,No,50,Fail
S367,Female,13.0,94.37302412567516,69,PhD,No,Yes,62,Pass
S403,Male,33.0,99.26836561208674,90,High School,Yes,Yes,64,Pass
S035,Female,35.0,54.42041116828233,98,Bachelors,No,Yes,59,Fail
S119,Female,30.0,55.24345832662405,98,Bachelors,No,No,62,Pass
S003,Male,32.0,69.64947244894296,58,PhD,Yes,No,57,Fail
S261,Male,13.0,79.92213506026135,79,Bachelors,No,No,52,Fail
S264,Male,16.0,79.95146823886633,71,Bachelors,No,Yes,55,Fail
S478,Female,38.0,98.10493928820588,60,Masters,Yes,No,64,Pass
S465,Female,31.0,67.57700805671094,96,PhD,No,Yes,62,Pass
S365,Male,22.0,66.96356229480955,73,Masters,No,No,61,Pass
S326,Female,12.0,77.86526844450239,77,Bachelors,Yes,No,50,Fail
S298,Male,23.0,80.39471968971293,60,PhD,No,Yes,50,Fail
S253,Female,19.0,72.85001096408392,79,Masters,No,No,53,Fail
S223,Female,28.0,76.98905309573165,81,Bachelors,Yes,Yes,65,Pass
S189,Male,25.0,54.39340556213284,52,Bachelors,Yes,Yes,50,Fail
S124,Male,24.0,54.46021643560281,96,Bachelors,No,No,51,Fail
S223,Female,28.0,76.98905309573165,81,Bachelors,Yes,Yes,65,Pass
S024,Female,26.0,93.9110333739596,94,High School,No,No,65,Pass
S066,Female,38.0,78.98249672358692,96,Masters,No,No,71,Pass
S457,Female,37.0,58.10069389457923,90,High School,No,Yes,58,Fail
S487,Male,33.0,86.20516646365692,68,Bachelors,Yes,No,51,Fail
S066,Female,38.0,78.98249672358692,96,Masters,No,No,71,Pass
S130,Female,17.0,82.4411420145788,98,PhD,No,Yes,62,Pass
S330,Female,20.0,64.97979558832385,65,Bachelors,Yes,No,50,Fail
S119,Female,30.0,55.24345832662405,98,Bachelors,No,No,62,Pass
S381,Female,12.0,86.79523065980013,71,Masters,Yes,Yes,57,Fail
S101,Male,37.0,79.86390411277154,73,PhD,No,Yes,70,Pass
S394,Female,10.0,67.25960724406377,96,Masters,No,Yes,64,Pass
S016,Male,24.0,86.3060422035924,91,High School,Yes,Yes,65,Pass
S023,Female,35.0,60.36138245040282,93,Bachelors,No,No,63,Pass
S091,Female,29.0,66.07913823400145,98,Masters,No,Yes,60,Pass
S032,Male,38.0,65.38886198855246,93,PhD,No,No,67,Pass
S043,Female,16.0,95.15755293383133,65,Bachelors,Yes,No,55,Fail
S277,Male,39.0,79.64814526294109,50,Masters,Yes,No,55,Fail
S268,Female,14.0,61.36754915149935,85,High School,Yes,Yes,50,Fail
S021,Female,19.0,62.57212197558992,73,High School,No,No,50,Fail
S197,Female,29.0,92.53637300082272,55,PhD,No,No,61,Pass
S291,Male,38.0,61.79530172975406,60,High School,No,No,54,Fail
S263,Male,26.0,85.80895373664761,78,Bachelors,Yes,Yes,58,Fail
S368,Female,15.0,77.8360792391683,95,Masters,No,Yes,61,Pass
S342,Female,23.0,85.7029599894914,98,Bachelors,No,No,60,Pass
S324,Female,35.0,98.77706578413782,66,Masters,No,Yes,71,Pass
S328,Male,38.0,76.75348594668293,70,Bachelors,No,No,64,Pass
S120,Male,10.0,86.87026030469096,52,Bachelors,Yes,No,50,Fail
S333,Female,21.0,71.33944526683747,55,High School,Yes,No,50,Fail
S077,Female,20.0,75.76180274321055,94,Bachelors,No,No,56,Fail
S016,Male,24.0,86.3060422035924,91,High School,Yes,Yes,65,Pass
S092,Female,39.0,54.6145293114373,73,High School,No,Yes,60,Pass
S339,Female,38.0,91.82824066461664,64,PhD,Yes,Yes,61,Pass
S084,Female,21.0,51.590234074258255,74,Bachelors,Yes,Yes,50,Fail
S258,Female,26.0,70.44775885427467,83,High School,Yes,No,57,Fail
S477,Male,12.0,90.37151259083804,63,High School,Yes,No,53,Fail
S229,Male,17.0,53.330955619540845,85,High School,No,Yes,50,Fail
S237,Female,18.0,93.93145576867192,81,Bachelors,No,Yes,57,Fail
S047,Female,29.0,81.83221608111413,51,Masters,No,Yes,52,Fail
S416,Male,31.0,84.56109288048272,71,Masters,Yes,Yes,56,Fail
S428,Female,18.0,63.18419013173082,90,Masters,Yes,Yes,57,Fail
S252,Male,13.0,68.94107827784579,68,Masters,No,No,50,Fail
S222,Male,38.0,81.20507720909188,59,PhD,Yes,No,60,Pass
S302,Male,24.0,89.38949443572463,95,High School,Yes,Yes,61,Pass
S390,Male,17.0,91.25536657113298,67,Masters,No,No,59,Fail
S042,Male,35.0,90.2522333759681,82,High School,Yes,Yes,68,Pass
S332,Male,24.0,69.8659057728799,69,Masters,No,No,54,Fail
S235,Female,11.0,84.68588037016693,88,Bachelors,No,Yes,67,Pass
S387,Male,35.0,95.5312001770152,66,High School,Yes,No,65,Pass
S345,Male,19.0,74.0543974193793,61,High School,Yes,No,51,Fail
S190,Female,33.0,56.94123867210102,89,Bachelors,Yes,No,59,Fail
S160,Female,21.0,95.86978065427658,58,Bachelors,Yes,Yes,66,Pass
S349,Female,35.0,66.71814056552411,65,Masters,No,Yes,58,Fail
S409,Female,21.0,84.94229265804522,90,Masters,Yes,Yes,63,Pass
S341,Male,16.0,64.70223396104858,84,High School,No,No,50,Fail
S156,Female,23.0,84.84807311832108,74,PhD,No,Yes,68,Pass
S241,Female,30.0,99.88463079619216,98,Masters,Yes,No,74,Pass
S011,Male,12.0,84.5857198584456,80,High School,No,Yes,60,Pass
S313,Female,30.0,95.63747314395644,78,High School,Yes,No,61,Pass
S126,Female,39.0,61.66082057749006,98,Bachelors,Yes,No,63,Pass
S328,Male,38.0,76.75348594668293,70,Bachelors,No,No,64,Pass
S368,Female,15.0,77.8360792391683,95,Masters,No,Yes,61,Pass
S339,Female,38.0,91.82824066461664,64,PhD,Yes,Yes,61,Pass
S221,Male,11.0,94.98337226460863,91,High School,No,No,57,Fail
S192,Male,32.0,55.83480320708407,89,Bachelors,No,No,59,Fail
S496,Male,31.0,79.41318784849655,67,Bachelors,No,Yes,65,Pass
S370,Male,28.0,90.26574836789526,74,PhD,No,Yes,64,Pass
S017,Female,31.0,87.85406010212279,88,Masters,Yes,No,65,Pass
S101,Male,37.0,79.86390411277154,73,PhD,No,Yes,70,Pass
S175,Female,31.0,76.49200115905583,55,Masters,Yes,No,50,Fail
S017,Female,31.0,87.85406010212279,88,Masters,Yes,No,65,Pass
S459,Male,37.0,92.32039246572786,61,Masters,No,No,61,Pass
S232,Female,19.0,71.57640715682213,62,Bachelors,No,Yes,52,Fail
S458,Female,27.0,92.07648301550216,99,Bachelors,No,No,65,Pass
S138,Male,31.0,66.8723416935959,81,PhD,Yes,No,59,Fail
S254,Male,14.0,80.19789360362563,56,PhD,No,No,52,Fail
S469,Male,30.0,72.98407563805655,65,High School,No,No,54,Fail
S329,Female,20.0,59.2231435709428,96,Bachelors,No,Yes,64,Pass
S027,Female,18.0,63.433624101265366,86,High School,No,No,50,Fail
S360,Male,31.0,77.58612976296699,99,Masters,Yes,No,66,Pass
S432,Female,10.0,81.65490316787238,62,PhD,No,Yes,50,Fail
S038,Male,34.0,74.00229835092375,71,PhD,No,No,54,Fail
S154,Male,26.0,52.58177389372564,58,Masters,Yes,Yes,50,Fail
S484,Female,34.0,87.91962069728407,74,Masters,Yes,No,58,Fail
S146,Male,14.0,61.26663988562641,63,High School,Yes,No,50,Fail
S294,Female,21.0,91.8745394501246,96,Masters,Yes,Yes,65,Pass
S283,Female,34.0,88.5623334259869,96,Bachelors,Yes,Yes,72,Pass
S488,Female,39.0,81.86157898947434,95,PhD,No,Yes,61,Pass
S434,Female,31.0,78.66471890897003,71,Bachelors,No,No,55,Fail
S039,Male,33.0,71.02678893325375,74,High School,Yes,No,58,Fail
S023,Female,35.0,60.36138245040282,93,Bachelors,No,No,63,Pass
S498,Female,27.0,77.79032907185898,67,Bachelors,No,Yes,58,Fail
S234,Female,39.0,86.52745684046508,61,Bachelors,No,Yes,53,Fail
S369,Male,37.0,86.04065481552533,64,High School,No,No,61,Pass
S340,Female,15.0,79.37268021170371,83,High School,Yes,No,61,Pass
S073,Male,19.0,59.00336361746493,50,Bachelors,Yes,Yes,50,Fail
S353,Male,14.0,94.87152049094422,74,Masters,Yes,Yes,63,Pass
S031,Male,16.0,91.56857450312506,72,Bachelors,No,Yes,52,Fail
S125,Male,11.0,76.76677820077617,72,PhD,No,Yes,57,Fail
S410,Female,22.0,70.12750217984903,66,Masters,Yes,No,50,Fail
S402,Female,34.0,78.28883099832802,87,High School,Yes,Yes,65,Pass
S053,Male,21.0,95.52356392016364,62,Masters,No,No,50,Fail
S351,Female,14.0,87.66231103737255,57,PhD,Yes,No,55,Fail
S391,Male,38.0,68.15296060975453,79,High School,No,Yes,60,Pass
S257,Male,12.0,74.3178740997804,81,PhD,Yes,Yes,50,Fail
S235,Female,11.0,84.68588037016693,88,Bachelors,No,Yes,67,Pass
S181,Male,35.0,66.03210960797571,62,PhD,No,No,50,Fail
S445,Female,15.0,91.85394953515149,93,Bachelors,No,Yes,67,Pass
S165,Female,30.0,91.04307365766763,60,High School,No,No,50,Fail
S461,Female,14.0,57.733607044161815,57,PhD,No,Yes,52,Fail
S354,Female,15.0,76.32892333296469,66,PhD,No,Yes,50,Fail
S446,Male,21.0,71.85966981786217,98,High School,Yes,No,62,Pass
S324,Female,35.0,98.77706578413782,66,Masters,No,Yes,71,Pass
S342,Female,23.0,85.7029599894914,98,Bachelors,No,No,60,Pass
S447,Male,33.0,95.77568386459568,89,Masters,Yes,No,69,Pass
S455,Male,17.0,63.49556111960975,80,PhD,Yes,No,53,Fail
S278,Female,26.0,55.11063321125998,71,High School,Yes,No,50,Fail
S094,Female,12.0,84.38923585480416,61,Bachelors,Yes,Yes,50,Fail
S409,Female,21.0,84.94229265804522,90,Masters,Yes,Yes,63,Pass
S226,Female,32.0,67.7681225909198,88,Bachelors,No,No,56,Fail
S069,Female,35.0,73.0059579491786,74,PhD,No,Yes,60,Pass
S450,Female,17.0,97.46533985288828,55,Bachelors,No,No,50,Fail
S092,Female,39.0,54.6145293114373,73,High School,No,Yes,60,Pass
S026,Female,10.0,52.34482338956099,52,PhD,No,No,50,Fail
S224,Female,27.0,71.93723376941695,92,High School,Yes,Yes,59,Fail
S356,Male,17.0,98.94657178079804,57,Bachelors,Yes,No,50,Fail
S097,Female,29.0,68.86429826210363,92,High School,No,No,64,Pass
S321,Female,35.0,61.00486070405485,60,Bachelors,Yes,No,50,Fail
S188,Male,13.0,84.22857739399166,100,Masters,Yes,Yes,65,Pass
S083,Male,37.0,67.38096072413418,86,High School,Yes,No,65,Pass
S240,Female,35.0,78.65754246286943,76,PhD,Yes,Yes,60,Pass
S365,Male,22.0,66.96356229480955,73,Masters,No,No,61,Pass
S095,Female,32.0,75.58285067736307,86,Masters,Yes,Yes,63,Pass
S408,Female,35.0,87.08434721143328,73,Masters,No,Yes,60,Pass
S289,Male,13.0,95.53430991278566,56,Bachelors,No,Yes,60,Pass
S115,Male,39.0,51.523607636679706,92,Masters,No,No,64,Pass
S325,Female,14.0,72.94944940085065,93,PhD,No,No,54,Fail
S327,Male,32.0,93.0316008945367,78,Bachelors,Yes,Yes,77,Pass
S172,Male,32.0,85.54762394183741,97,Bachelors,No,Yes,64,Pass
S441,Male,21.0,59.21854603394816,99,High School,Yes,Yes,60,Pass
S198,Female,33.0,87.2987262774359,73,Masters,No,Yes,72,Pass
S034,Female,32.0,98.39868827199116,64,PhD,Yes,No,67,Pass
S032,Male,38.0,65.38886198855246,93,PhD,No,No,67,Pass
S103,Female,39.0,76.82953229936663,62,Masters,Yes,Yes,68,Pass
S042,Male,35.0,90.2522333759681,82,High School,Yes,Yes,68,Pass
S282,Female,25.0,82.5683605494123,63,High School,Yes,Yes,54,Fail
S116,Female,32.0,93.36074905373616,83,Masters,No,No,66,Pass
S436,Female,12.0,70.21907507745121,51,Masters,Yes,No,50,Fail
S460,Male,37.0,97.76181563617396,57,High School,No,No,59,Fail
S338,Male,26.0,68.88629737200847,87,Bachelors,Yes,Yes,65,Pass
S244,Male,20.0,88.92859695253756,89,PhD,No,Yes,61,Pass
S048,Male,10.0,77.74078042711128,84,Bachelors,No,Yes,56,Fail
S006,Female,27.0,53.17559147950007,57,Masters,Yes,No,50,Fail
S052,Female,23.0,72.54552237080522,62,Bachelors,Yes,No,50,Fail
S095,Female,32.0,75.58285067736307,86,Masters,Yes,Yes,63,Pass
S470,Female,29.0,53.79667051848111,53,Bachelors,No,Yes,50,Fail
S147,Male,31.0,68.26784098370288,86,High School,Yes,Yes,63,Pass
S355,Female,28.0,90.03748857430605,78,Masters,Yes,No,67,Pass
S316,Female,34.0,58.27566587139869,51,High School,No,No,54,Fail
S191,Male,25.0,50.13554497071648,83,High School,Yes,Yes,50,Fail
S347,Male,27.0,88.26781405331204,64,PhD,Yes,Yes,67,Pass
S104,Female,28.0,96.20208795537168,83,High School,No,Yes,67,Pass
S127,Female,31.0,67.14634321391301,58,High School,No,No,50,Fail
S151,Male,37.0,90.29324433705716,52,PhD,Yes,No,56,Fail
S157,Male,39.0,99.86277673841973,83,Masters,No,No,64,Pass
S044,Female,34.0,80.8631856048646,94,PhD,No,Yes,65,Pass
S157,Male,39.0,99.86277673841973,83,Masters,No,No,64,Pass
S285,Female,22.0,53.44607696836094,61,PhD,No,Yes,50,Fail
S300,Female,28.0,87.21248259216443,75,Bachelors,No,No,65,Pass
S391,Male,38.0,68.15296060975453,79,High School,No,Yes,60,Pass
S092,Female,39.0,54.6145293114373,73,High School,No,Yes,60,Pass
S310,Female,36.0,95.92273624696506,88,High School,Yes,No,64,Pass
S270,Male,26.0,64.3964808237863,53,High School,No,Yes,50,Fail
S219,Female,21.0,72.59743006495196,80,Masters,Yes,No,58,Fail
S391,Male,38.0,68.15296060975453,79,High School,No,Yes,60,Pass
S139,Male,38.0,94.98236985725062,84,PhD,Yes,No,71,Pass
S173,Male,35.0,59.97534636691599,75,High School,No,No,59,Fail
S465,Female,31.0,67.57700805671094,96,PhD,No,Yes,62,Pass
S222,Male,38.0,81.20507720909188,59,PhD,Yes,No,60,Pass
S489,Male,27.0,99.0288400089994,85,High School,Yes,Yes,64,Pass
S145,Female,28.0,50.37671815670374,53,PhD,No,No,50,Fail
S249,Male,30.0,87.73176459300583,84,PhD,No,Yes,69,Pass
S304,Female,30.0,55.71336500278439,78,Masters,Yes,No,50,Fail
S371,Female,38.0,99.43643909777214,79,Masters,Yes,Yes,68,Pass
S140,Male,32.0,80.37776111467863,87,High School,No,No,69,Pass
S423,Female,28.0,70.26240440138443,99,PhD,No,Yes,62,Pass
S001,Male,38.0,68.83694849689704,64,High School,Yes,No,50,Fail
S412,Female,38.0,82.25270838846647,95,Bachelors,No,No,76,Pass
S056,Female,24.0,84.88209357467318,81,Bachelors,No,Yes,67,Pass
S030,Female,25.0,73.81053483945071,75,PhD,No,No,50,Fail
S397,Female,37.0,93.05340099873608,81,Bachelors,No,Yes,61,Pass
S113,Female,35.0,92.22203363168144,95,Masters,No,Yes,64,Pass
S150,Female,23.0,54.3943812270072,90,PhD,Yes,Yes,53,Fail
S162,Male,35.0,98.75335814725712,89,Bachelors,Yes,No,71,Pass
S218,Male,22.0,84.14910317085662,100,High School,Yes,Yes,63,Pass
S111,Female,35.0,56.65584642937391,100,PhD,No,No,57,Fail
S248,Male,34.0,74.69907435654314,94,Bachelors,No,Yes,53,Fail
S067,Female,31.0,67.07816052282725,59,Bachelors,No,No,50,Fail
S218,Male,22.0,84.14910317085662,100,High School,Yes,Yes,63,Pass
S481,Female,28.0,76.06503337067846,72,PhD,No,No,54,Fail
S239,Male,13.0,87.07304555695228,95,Bachelors,No,Yes,58,Fail
S238,Female,16.0,74.77118132019828,62,High School,No,No,50,Fail
S096,Female,17.0,57.84888413580968,86,Bachelors,No,Yes,50,Fail
S419,Female,37.0,76.48308393275406,82,High School,No,Yes,63,Pass
S474,Female,38.0,50.262690927919245,52,High School,No,Yes,51,Fail
S446,Male,21.0,71.85966981786217,98,High School,Yes,No,62,Pass
S495,Male,10.0,52.208271885505006,93,Masters,Yes,Yes,52,Fail
S446,Male,21.0,71.85966981786217,98,High School,Yes,No,62,Pass
S106,Female,33.0,87.99777044687929,56,Masters,Yes,No,55,Fail
S319,Male,30.0,89.02478537730438,69,Masters,Yes,No,56,Fail
S486,Female,19.0,87.95179227694248,100,High School,No,No,64,Pass
S119,Female,30.0,55.24345832662405,98,Bachelors,No,No,62,Pass
S088,Male,13.0,94.71086314479628,64,Masters,Yes,Yes,50,Fail
S286,Male,36.0,53.866053274439366,85,Bachelors,No,Yes,53,Fail
S091,Female,29.0,66.07913823400145,98,Masters,No,Yes,60,Pass
S446,Male,21.0,71.85966981786217,98,High School,Yes,No,62,Pass
S158,Female,29.0,94.83051314870104,61,High School,Yes,No,50,Fail
S017,Female,31.0,87.85406010212279,88,Masters,Yes,No,65,Pass
S024,Female,26.0,93.9110333739596,94,High School,No,No,65,Pass
S466,Male,26.0,70.63967753033762,56,PhD,No,Yes,55,Fail
S444,Female,17.0,53.41248526770458,91,High School,Yes,No,50,Fail
S376,Female,19.0,57.05409243888568,69,Masters,No,No,50,Fail
S415,Male,25.0,95.02861506181928,65,Masters,Yes,Yes,50,Fail
S247,Male,13.0,85.70320411118071,73,High School,Yes,No,53,Fail
S188,Male,13.0,84.22857739399166,100,Masters,Yes,Yes,65,Pass
S392,Male,18.0,51.71140554102646,67,Masters,Yes,No,50,Fail
S486,Female,19.0,87.95179227694248,100,High School,No,No,64,Pass
S283,Female,34.0,88.5623334259869,96,Bachelors,Yes,Yes,72,Pass
S447,Male,33.0,95.77568386459568,89,Masters,Yes,No,69,Pass
S169,Male,39.0,91.92912793513123,87,High School,No,No,73,Pass
S398,Female,39.0,60.975526254047935,60,PhD,No,No,50,Fail
S065,Male,39.0,60.45653955392571,93,High School,No,Yes,59,Fail
S140,Male,32.0,80.37776111467863,87,High School,No,No,69,Pass
S255,Male,18.0,75.11441737312651,59,Bachelors,Yes,Yes,50,Fail
S293,Male,28.0,59.316043974706034,55,Masters,Yes,Yes,50,Fail
S202,Female,37.0,60.25009050266186,77,PhD,Yes,No,51,Fail
S491,Female,22.0,82.33324595585816,57,Masters,No,No,50,Fail
S236,Female,28.0,58.33653799966916,51,Bachelors,No,No,50,Fail
S364,Female,34.0,79.75244898502103,93,Masters,No,No,59,Fail
S207,Female,20.0,89.07572408757075,92,Bachelors,Yes,Yes,62,Pass
S437,Female,25.0,88.54556885321352,87,High School,No,No,61,Pass
S063,Male,34.0,81.04028422110457,93,High School,No,No,69,Pass
S290,Female,21.0,56.14053909228669,78,Bachelors,Yes,No,50,Fail
S464,Male,36.0,67.21918660221166,69,Masters,No,No,57,Fail
S201,Male,12.0,99.54647382286952,89,Masters,No,No,67,Pass
S375,Male,36.0,97.22048627886367,93,Masters,Yes,Yes,65,Pass
S133,Male,10.0,86.84112376974565,99,PhD,No,No,57,Fail
S036,Male,12.0,89.59089197348165,53,High School,Yes,Yes,50,Fail
S397,Female,37.0,93.05340099873608,81,Bachelors,No,Yes,61,Pass
S445,Female,15.0,91.85394953515149,93,Bachelors,No,Yes,67,Pass
S160,Female,21.0,95.86978065427658,58,Bachelors,Yes,Yes,66,Pass
S346,Male,18.0,74.85059744106245,67,Bachelors,No,No,50,Fail
S162,Male,35.0,98.75335814725712,89,Bachelors,Yes,No,71,Pass
S122,Male,35.0,78.19825460094182,54,Bachelors,No,Yes,57,Fail
S069,Female,35.0,73.0059579491786,74,PhD,No,Yes,60,Pass
S308,Female,34.0,73.28500611594066,62,Masters,No,Yes,55,Fail
S142,Male,21.0,74.91238489244701,96,High School,No,No,61,Pass
S418,Female,20.0,91.12919379558367,69,PhD,No,Yes,50,Fail
S080,Female,10.0,61.19245329531603,99,High School,No,Yes,53,Fail
S208,Female,14.0,91.3970443588746,94,High School,No,Yes,73,Pass
S222,Male,38.0,81.20507720909188,59,PhD,Yes,No,60,Pass
S307,Female,21.0,96.14801158992424,84,Bachelors,Yes,No,65,Pass
S029,Female,31.0,74.90825933229465,89,PhD,Yes,No,68,Pass
S279,Male,26.0,95.93752611303732,75,Masters,No,No,61,Pass
S479,Male,15.0,89.5006779395928,67,High School,No,Yes,52,Fail
S340,Female,15.0,79.37268021170371,83,High School,Yes,No,61,Pass
S177,Male,13.0,88.38897507214193,97,High School,No,Yes,59,Fail
S424,Male,29.0,74.87324469899453,82,PhD,Yes,No,60,Pass
S092,Female,39.0,54.6145293114373,73,High School,No,Yes,60,Pass
S400,Male,37.0,88.98793873940154,74,Bachelors,Yes,Yes,64,Pass
S097,Female,29.0,68.86429826210363,92,High School,No,No,64,Pass
S368,Female,15.0,77.8360792391683,95,Masters,No,Yes,61,Pass
S289,Male,13.0,95.53430991278566,56,Bachelors,No,Yes,60,Pass
S093,Female,24.0,74.05726970281466,53,PhD,No,No,50,Fail
S399,Female,34.0,98.7273632599435,94,Bachelors,No,Yes,66,Pass
S241,Female,30.0,99.88463079619216,98,Masters,Yes,No,74,Pass
S076,Female,31.0,93.71588024272086,52,Bachelors,No,Yes,55,Fail
S207,Female,20.0,89.07572408757075,92,Bachelors,Yes,Yes,62,Pass
S468,Male,10.0,79.91430291340774,69,Bachelors,Yes,No,50,Fail
S312,Male,13.0,51.64233351217192,78,PhD,Yes,Yes,50,Fail
S148,Male,34.0,74.3904900404369,83,High School,Yes,No,59,Fail
S070,Female,31.0,79.23830529745769,88,PhD,No,No,57,Fail
S040,Male,22.0,89.23341319721547,62,PhD,Yes,Yes,50,Fail
S467,Female,18.0,85.24627748444766,60,Masters,Yes,Yes,52,Fail
S197,Female,29.0,92.53637300082272,55,PhD,No,No,61,Pass
S276,Female,18.0,86.30477930312003,59,High School,Yes,Yes,51,Fail
S227,Male,26.0,69.5741055100751,80,Masters,Yes,Yes,53,Fail
S235,Female,11.0,84.68588037016693,88,Bachelors,No,Yes,67,Pass
S393,Female,16.0,91.53272532826249,95,PhD,Yes,Yes,64,Pass
S283,Female,34.0,88.5623334259869,96,Bachelors,Yes,Yes,72,Pass
S426,Male,27.0,55.32893650643372,82,PhD,Yes,No,52,Fail
S396,Female,22.0,68.13789473329727,87,PhD,No,No,54,Fail
S411,Male,22.0,60.90115537470432,61,PhD,Yes,Yes,50,Fail
S069,Female,35.0,73.0059579491786,74,PhD,No,Yes,60,Pass
S405,Female,15.0,59.105356941079165,60,Bachelors,No,No,50,Fail
S342,Female,23.0,85.7029599894914,98,Bachelors,No,No,60,Pass
S205,Female,38.0,86.07982753756386,90,Masters,Yes,No,72,Pass
S050,Female,23.0,86.31985163251142,83,Bachelors,Yes,Yes,55,Fail
S350,Male,11.0,53.775168190194464,76,PhD,No,Yes,50,Fail
S403,Male,33.0,99.26836561208674,90,High School,Yes,Yes,64,Pass
S454,Female,35.0,74.18774709662064,88,PhD,Yes,No,69,Pass
S025,Female,17.0,87.84995660861144,83,PhD,No,No,58,Fail
S494,Female,33.0,83.49587322750196,100,PhD,No,No,71,Pass
S369,Male,37.0,86.04065481552533,64,High School,No,No,61,Pass
S144,Female,25.0,96.68459118799372,58,High School,Yes,Yes,53,Fail
S273,Female,32.0,56.95580970715309,61,High School,Yes,Yes,50,Fail
S421,Female,13.0,74.90453767555029,89,High School,Yes,No,50,Fail
S058,Male,11.0,72.96734039730862,88,PhD,No,No,54,Fail
S359,Male,10.0,70.39922476824223,95,PhD,No,No,50,Fail
S240,Female,35.0,78.65754246286943,76,PhD,Yes,Yes,60,Pass
S339,Female,38.0,91.82824066461664,64,PhD,Yes,Yes,61,Pass
S115,Male,39.0,51.523607636679706,92,Masters,No,No,64,Pass
S198,Female,33.0,87.2987262774359,73,Masters,No,Yes,72,Pass
S082,Female,30.0,67.25413139111933,67,High School,No,No,50,Fail
S101,Male,37.0,79.86390411277154,73,PhD,No,Yes,70,Pass
S206,Male,28.0,52.40473219820439,62,PhD,No,No,50,Fail
S323,Female,23.0,75.75868412034063,52,Masters,Yes,Yes,50,Fail
S159,Male,14.0,78.799920890283,91,PhD,No,Yes,61,Pass
S383,Female,22.0,56.13884448313542,73,Bachelors,No,No,50,Fail
S339,Female,38.0,91.82824066461664,64,PhD,Yes,Yes,61,Pass
S475,Male,22.0,55.15468730068724,90,Masters,Yes,No,51,Fail
S301,Male,35.0,60.27899041878187,83,Masters,No,No,62,Pass
S329,Female,20.0,59.2231435709428,96,Bachelors,No,Yes,64,Pass
S230,Male,38.0,61.45126954623981,51,Masters,Yes,No,50,Fail
S201,Male,12.0,99.54647382286952,89,Masters,No,No,67,Pass
S267,Female,39.0,67.12621285892718,81,Masters,No,Yes,59,Fail
S489,Male,27.0,99.0288400089994,85,High School,Yes,Yes,64,Pass
S022,Male,11.0,63.73658985129544,84,Masters,Yes,Yes,50,Fail
S287,Male,28.0,55.21234830259048,84,Masters,Yes,Yes,50,Fail
S042,Male,35.0,90.2522333759681,82,High School,Yes,Yes,68,Pass
S011,Male,12.0,84.5857198584456,80,High School,No,Yes,60,Pass
S087,Female,16.0,67.7995742135993,95,High School,Yes,Yes,52,Fail
S231,Female,35.0,77.14246553067045,63,Masters,Yes,No,57,Fail
S380,Male,39.0,81.66203874554803,97,Bachelors,Yes,Yes,66,Pass
S373,Female,31.0,90.3425074481293,56,PhD,Yes,No,58,Fail
S235,Female,11.0,84.68588037016693,88,Bachelors,No,Yes,67,Pass
S375,Male,36.0,97.22048627886367,93,Masters,Yes,Yes,65,Pass
S342,Female,23.0,85.7029599894914,98,Bachelors,No,No,60,Pass
S137,Male,14.0,68.93863129756447,52,Bachelors,No,No,50,Fail
S156,Female,23.0,84.84807311832108,74,PhD,No,Yes,68,Pass
S179,Male,29.0,75.30519781796735,77,Masters,No,No,61,Pass
S399,Female,34.0,98.7273632599435,94,Bachelors,No,Yes,66,Pass
S217,Female,38.0,79.41533378975284,94,High School,No,No,63,Pass
S260,Male,25.0,50.61015361590223,64,Bachelors,Yes,No,50,Fail
S404,Male,10.0,73.55327263469073,57,PhD,No,No,50,Fail
S327,Male,32.0,93.0316008945367,78,Bachelors,Yes,Yes,77,Pass
S348,Female,36.0,55.14907396656578,93,High School,Yes,No,61,Pass
S204,Male,10.0,96.32247117948556,97,PhD,Yes,No,56,Fail
S117,Male,18.0,67.70733353965628,75,Bachelors,Yes,Yes,50,Fail
S310,Female,36.0,95.92273624696506,88,High School,Yes,No,64,Pass
S114,Female,30.0,87.48081160042938,59,Masters,No,Yes,50,Fail
S200,Male,27.0,96.64690335499772,65,Bachelors,No,No,63,Pass
S456,Male,35.0,76.99213894540966,81,PhD,No,No,65,Pass
S010,Female,35.0,53.76795301762312,67,Masters,Yes,Yes,50,Fail
S184,Male,10.0,72.71339861095498,89,High School,No,Yes,54,Fail
S153,Male,24.0,92.11570176490908,78,Masters,No,No,53,Fail
S130,Female,17.0,82.4411420145788,98,PhD,No,Yes,62,Pass
S099,Female,22.0,93.41505535177934,88,High School,No,No,63,Pass
S196,Female,36.0,55.33496250567181,82,Masters,No,No,56,Fail
S422,Female,12.0,53.35876999578551,81,Bachelors,Yes,Yes,50,Fail
S401,Female,26.0,55.71189629601984,82,Bachelors,No,Yes,52,Fail
S195,Male,37.0,89.71447249832312,94,Masters,Yes,Yes,66,Pass
S337,Male,21.0,81.24879935255261,50,Bachelors,Yes,Yes,55,Fail
S318,Male,22.0,65.57365855663787,63,High School,Yes,No,50,Fail
S007,Male,34.0,51.84109338179957,99,PhD,Yes,No,54,Fail
S490,Male,36.0,95.16819063180124,94,Masters,No,Yes,64,Pass
S078,Female,37.0,98.65551746350522,63,Masters,No,Yes,70,Pass
S420,Female,14.0,90.75272142012284,59,Bachelors,Yes,Yes,55,Fail
S081,Male,17.0,91.08953184222246,53,Bachelors,No,Yes,53,Fail
S378,Male,28.0,66.19950305533999,58,High School,Yes,Yes,53,Fail
S242,Male,27.0,87.62015600194113,90,PhD,No,Yes,52,Fail
S102,Female,19.0,99.31284979334076,60,Bachelors,No,No,60,Pass
S280,Female,39.0,89.50423185620434,67,PhD,No,Yes,64,Pass
S437,Female,25.0,88.54556885321352,87,High School,No,No,61,Pass
S061,Male,31.0,53.311798892593295,98,Bachelors,No,No,67,Pass
S110,Male,32.0,57.38695459531134,78,PhD,No,Yes,50,Fail
S044,Female,34.0,80.8631856048646,94,PhD,No,Yes,65,Pass
S294,Female,21.0,91.8745394501246,96,Masters,Yes,Yes,65,Pass
S360,Male,31.0,77.58612976296699,99,Masters,Yes,No,66,Pass
S179,Male,29.0,75.30519781796735,77,Masters,No,No,61,Pass
S309,Female,29.0,74.04184890445367,90,Masters,No,Yes,62,Pass
S371,Female,38.0,99.43643909777214,79,Masters,Yes,Yes,68,Pass
S193,Male,11.0,73.65831005259462,76,High School,Yes,Yes,54,Fail
S393,Female,16.0,91.53272532826249,95,PhD,Yes,Yes,64,Pass
S388,Male,29.0,81.23806355216256,57,PhD,Yes,Yes,50,Fail
S123,Female,10.0,92.03549929389656,54,High School,No,Yes,50,Fail
S357,Female,25.0,91.98944297282851,64,Bachelors,Yes,Yes,57,Fail
S339,Female,38.0,91.82824066461664,64,PhD,Yes,Yes,61,Pass
S328,Male,38.0,76.75348594668293,70,Bachelors,No,No,64,Pass
S310,Female,36.0,95.92273624696506,88,High School,Yes,No,64,Pass
S360,Male,31.0,77.58612976296699,99,Masters,Yes,No,66,Pass
S256,Male,33.0,76.99303185564183,90,High School,Yes,Yes,69,Pass
S292,Male,18.0,58.27602551836449,82,High School,Yes,Yes,50,Fail
S002,Female,30.0,87.4789149988036,56,PhD,No,Yes,50,Fail
S095,Female,32.0,75.58285067736307,86,Masters,Yes,Yes,63,Pass
S243,Female,22.0,85.34902306217296,66,High School,No,Yes,50,Fail
S167,Female,13.0,76.75183660224553,73,Bachelors,No,No,50,Fail
S471,Male,22.0,53.888267203947855,55,Masters,No,Yes,50,Fail
S311,Female,30.0,79.35341120682835,64,Masters,Yes,Yes,50,Fail
S425,Female,34.0,86.01012908161479,51,PhD,No,No,58,Fail
S462,Male,18.0,81.16662754524954,99,Bachelors,No,No,56,Fail
S168,Male,10.0,73.8309742063206,64,High School,No,No,50,Fail
S306,Male,12.0,93.17590703064783,66,PhD,No,No,52,Fail
S394,Female,10.0,67.25960724406377,96,Masters,No,Yes,64,Pass
S220,Male,23.0,85.6891227427663,72,PhD,Yes,No,55,Fail
S400,Male,37.0,88.98793873940154,74,Bachelors,Yes,Yes,64,Pass
S353,Male,14.0,94.87152049094422,74,Masters,Yes,Yes,63,Pass
S017,Female,31.0,87.85406010212279,88,Masters,Yes,No,65,Pass
S250,Male,38.0,55.14580153720725,97,High School,Yes,Yes,58,Fail
S347,Male,27.0,88.26781405331204,64,PhD,Yes,Yes,67,Pass
S275,Male,12.0,62.80077659268311,66,High School,Yes,Yes,50,Fail
S032,Male,38.0,65.38886198855246,93,PhD,No,No,67,Pass
S317,Male,16.0,51.69395801232975,96,PhD,Yes,Yes,51,Fail
S182,Male,28.0,79.69415487789495,66,Bachelors,No,No,50,Fail
S128,Male,25.0,73.69849707152781,84,High School,Yes,Yes,57,Fail
S075,Male,24.0,70.5830607178764,98,Bachelors,Yes,No,57,Fail
S245,Male,38.0,57.15639927742348,80,Masters,Yes,Yes,54,Fail
S061,Male,31.0,53.311798892593295,98,Bachelors,No,No,67,Pass
S131,Female,22.0,73.97910508771251,91,PhD,No,No,57,Fail
S200,Male,27.0,96.64690335499772,65,Bachelors,No,No,63,Pass
S107,Female,28.0,76.5632876986767,53,High School,Yes,No,50,Fail
S062,Male,28.0,52.293063320231646,78,PhD,Yes,No,50,Fail
S328,Male,38.0,76.75348594668293,70,Bachelors,No,No,64,Pass
S280,Female,39.0,89.50423185620434,67,PhD,No,Yes,64,Pass
S211,Male,10.0,91.25663383463989,85,Bachelors,Yes,Yes,63,Pass
S101,Male,37.0,79.86390411277154,73,PhD,No,Yes,70,Pass
S161,Male,25.0,50.26500031988027,64,Bachelors,No,No,50,Fail
S244,Male,20.0,88.92859695253756,89,PhD,No,Yes,61,Pass
S486,Female,19.0,87.95179227694248,100,High School,No,No,64,Pass
S336,Female,35.0,73.41159142206897,52,PhD,Yes,No,50,Fail
S032,Male,38.0,65.38886198855246,93,PhD,No,No,67,Pass
S266,Female,32.0,97.95373972820138,69,Bachelors,Yes,No,58,Fail
S032,Male,38.0,65.38886198855246,93,PhD,No,No,67,Pass
S409,Female,21.0,84.94229265804522,90,Masters,Yes,Yes,63,Pass
S399,Female,34.0,98.7273632599435,94,Bachelors,No,Yes,66,Pass
S307,Female,21.0,96.14801158992424,84,Bachelors,Yes,No,65,Pass
S244,Male,20.0,88.92859695253756,89,PhD,No,Yes,61,Pass
S169,Male,39.0,91.92912793513123,87,High School,No,No,73,Pass
S353,Male,14.0,94.87152049094422,74,Masters,Yes,Yes,63,Pass
S367,Female,13.0,94.37302412567516,69,PhD,No,Yes,62,Pass
S129,Female,34.0,67.75521516396523,69,High School,Yes,Yes,52,Fail
S485,Male,11.0,81.94746926671309,94,High School,Yes,No,53,Fail
S037,Female,27.0,79.4977948568818,78,Masters,Yes,No,59,Fail
S100,Male,27.0,54.225850384034096,95,High School,No,Yes,56,Fail
S132,Male,30.0,79.20997423570847,84,Masters,No,Yes,65,Pass
S054,Female,28.0,64.89797257709752,67,Masters,Yes,No,51,Fail
S374,Female,16.0,98.13246592774374,66,Masters,No,No,51,Fail
S367,Female,13.0,94.37302412567516,69,PhD,No,Yes,62,Pass
S063,Male,34.0,81.04028422110457,93,High School,No,No,69,Pass
S269,Male,21.0,71.17984312102415,99,High School,Yes,No,59,Fail
S210,Male,12.0,89.97685654597578,91,PhD,No,No,57,Fail
S385,Male,37.0,82.14627818071267,60,PhD,No,No,64,Pass
S105,Female,26.0,61.80582665587022,74,High School,No,No,50,Fail
S497,Male,10.0,99.96767497829174,55,High School,No,No,59,Fail
S465,Female,31.0,67.57700805671094,96,PhD,No,Yes,62,Pass
S170,Female,39.0,60.25387800747296,57,Masters,Yes,Yes,50,Fail
S199,Male,21.0,70.42591464679585,68,Masters,No,No,50,Fail
S183,Female,35.0,68.46152407549481,99,PhD,Yes,No,67,Pass
S142,Male,21.0,74.91238489244701,96,High School,No,No,61,Pass
S215,Male,20.0,95.3933065231258,54,PhD,No,Yes,54,Fail
S066,Female,38.0,78.98249672358692,96,Masters,No,No,71,Pass
S347,Male,27.0,88.26781405331204,64,PhD,Yes,Yes,67,Pass
S437,Female,25.0,88.54556885321352,87,High School,No,No,61,Pass
S447,Male,33.0,95.77568386459568,89,Masters,Yes,No,69,Pass
S281,Female,29.0,51.15113023938188,99,Bachelors,No,No,50,Fail
S360,Male,31.0,77.58612976296699,99,Masters,Yes,No,66,Pass
S355,Female,28.0,90.03748857430605,78,Masters,Yes,No,67,Pass
S235,Female,11.0,84.68588037016693,88,Bachelors,No,Yes,67,Pass
S370,Male,28.0,90.26574836789526,74,PhD,No,Yes,64,Pass
S427,Male,24.0,57.00092693302245,82,Bachelors,Yes,Yes,53,Fail
S205,Female,38.0,86.07982753756386,90,Masters,Yes,No,72,Pass
S310,Female,36.0,95.92273624696506,88,High School,Yes,No,64,Pass
S228,Female,35.0,76.5928739844087,67,Bachelors,No,No,62,Pass
S352,Male,38.0,63.61509273601497,95,Masters,Yes,No,58,Fail
S297,Female,37.0,61.36978104385563,100,High School,Yes,No,66,Pass
S417,Male,30.0,84.15919282227406,77,Masters,Yes,No,61,Pass
S272,Female,22.0,95.59262044214825,66,PhD,Yes,No,50,Fail
S443,Male,25.0,88.54929627677393,83,PhD,No,No,56,Fail
S313,Female,30.0,95.63747314395644,78,High School,Yes,No,61,Pass
S500,Female,26.0,65.64274282527938,71,High School,Yes,No,52,Fail
S409,Female,21.0,84.94229265804522,90,Masters,Yes,Yes,63,Pass
S235,Female,11.0,84.68588037016693,88,Bachelors,No,Yes,67,Pass
S303,Male,25.0,80.18607658650694,83,High School,No,No,67,Pass
S228,Female,35.0,76.5928739844087,67,Bachelors,No,No,62,Pass
S363,Male,16.0,75.2753939553017,78,High School,No,Yes,57,Fail
S064,Male,35.0,67.37067041127071,65,Masters,Yes,Yes,56,Fail
S453,Female,13.0,56.75006387106035,58,Bachelors,No,Yes,50,Fail
S102,Female,19.0,99.31284979334076,60,Bachelors,No,No,60,Pass
S005,Male,12.0,78.45407345828738,97,Masters,No,No,53,Fail
S103,Female,39.0,76.82953229936663,62,Masters,Yes,Yes,68,Pass
S296,Female,16.0,65.57221320228206,81,Masters,No,Yes,50,Fail
S320,Female,19.0,63.87935863147091,71,PhD,No,No,50,Fail
S343,Male,22.0,76.38238650723929,74,High School,Yes,No,50,Fail
S188,Male,13.0,84.22857739399166,100,Masters,Yes,Yes,65,Pass
S171,Female,14.0,98.3997033252117,54,Masters,Yes,No,55,Fail
S288,Male,26.0,92.02198159902116,61,Bachelors,No,No,59,Fail
S174,Female,19.0,86.81235918492442,67,High School,No,Yes,54,Fail
S456,Male,35.0,76.99213894540966,81,PhD,No,No,65,Pass
S380,Male,39.0,81.66203874554803,97,Bachelors,Yes,Yes,66,Pass
S203,Male,10.0,68.96142924819003,82,Bachelors,No,No,58,Fail
S339,Female,38.0,91.82824066461664,64,PhD,Yes,Yes,61,Pass
S329,Female,20.0,59.2231435709428,96,Bachelors,No,Yes,64,Pass
S334,Male,18.0,89.98910110371347,68,Bachelors,No,No,56,Fail
S098,Female,25.0,50.12975121918232,55,Masters,Yes,Yes,50,Fail
S135,Male,38.0,79.32677173303796,66,High School,Yes,Yes,57,Fail
S355,Female,28.0,90.03748857430605,78,Masters,Yes,No,67,Pass
S212,Male,10.0,59.320249339407205,76,Bachelors,No,Yes,50,Fail
S303,Male,25.0,80.18607658650694,83,High School,No,No,67,Pass
S172,Male,32.0,85.54762394183741,97,Bachelors,No,Yes,64,Pass
S134,Male,25.0,77.88711329752186,67,High School,No,Yes,50,Fail
S483,Male,24.0,97.90853965019652,62,High School,Yes,Yes,53,Fail
S176,Female,14.0,85.36150478222223,86,High School,Yes,No,57,Fail
S307,Female,21.0,96.14801158992424,84,Bachelors,Yes,No,65,Pass
S004,Male,10.0,91.45821103532572,100,High School,No,No,59,Fail
S109,Female,35.0,53.11706812556207,69,PhD,Yes,No,54,Fail
S198,Female,33.0,87.2987262774359,73,Masters,No,Yes,72,Pass
S407,Female,15.0,75.62288279409609,100,Bachelors,No,Yes,54,Fail
S183,Female,35.0,68.46152407549481,99,PhD,Yes,No,67,Pass
S472,Female,37.0,50.11696953128892,71,PhD,Yes,No,55,Fail
S442,Female,19.0,54.5168480288804,64,Bachelors,No,No,50,Fail
S149,Male,38.0,92.5408758918073,60,PhD,Yes,Yes,64,Pass
S118,Female,21.0,69.85819162520413,90,Masters,Yes,No,50,Fail
S358,Female,22.0,93.34968800057618,76,Bachelors,No,No,60,Pass
S492,Male,14.0,84.65876057284623,78,PhD,Yes,No,50,Fail
S301,Male,35.0,60.27899041878187,83,Masters,No,No,62,Pass
S473,Male,25.0,98.38496941035432,75,Bachelors,Yes,No,57,Fail
S307,Female,21.0,96.14801158992424,84,Bachelors,Yes,No,65,Pass
S046,Female,22.0,80.40439247709426,93,Bachelors,Yes,No,55,Fail
